Workbook
Name Jogo1: #REF!
Name Jogo1Time1: #REF!
Name Jogo1Time2: #REF!
Name Jogo2: #REF!
Name Jogo2Time1: #REF!
Name Jogo2Time2: #REF!
Name Jogo3: #REF!
Name Jogo3Time1: #REF!
Name Jogo3Time2: #REF!
Name Jogo4: #REF!
Name Jogo4Time1: #REF!
Name jogo4Time2: #REF!
Name Jogo5: #REF!
Name Jogo5Time1: #REF!
Name Jogo5Time2: #REF!
Name Jogo6: #REF!
Name Jogo6Time1: #REF!
Name Jogo6Time2: #REF!
Name Jogo7: #REF!
Name Jogo7Time1: #REF!
Name Jogo7Time2: #REF!
Name Jogo8: #REF!
Name Jogo8Time1: #REF!
Name Jogo8Time2: #REF!

Sheet Aux
A1: Email:
A2: lppelada@gmail.com
A3: lpp@1995

Sheet Resumo
B2: A | C2: Assiduidade
B3: G | C3: Gols
B4: P | C4: Pontos | F4: TOTAL | H4: Janeiro | L4: Fevereiro | P4: Março | U4: Abril | Y4: Maio | AC4: Junho | AH4: Julho | AL4: Agosto | AQ4: Setembro | AU4: Outubro | AY4: Novembro | BD4: Dezembro
H5: w1 | I5: w2 | J5: w3 | K5: w4 | L5: w5 | M5: w6 | N5: w7 | O5: w8 | P5: w9 | Q5: w10 | R5: w11 | S5: w12 | T5: w13 | U5: w14 | V5: w15 | W5: w16 | X5: w17 | Y5: w18 | Z5: w19 | AA5: w20 | AB5: w21 | AC5: w22 | AD5: w23 | AE5: w24 | AF5: w25 | AG5: w26 | AH5: w27 | AI5: w28 | AJ5: w29 | AK5: w30 | AL5: w31 | AM5: w32 | AN5: w33 | AO5: w34 | AP5: w35 | AQ5: w36 | AR5: w37 | AS5: w38 | AT5: w39 | AU5: w40 | AV5: w41 | AW5: w42 | AX5: w43 | AY5: w44 | AZ5: w45 | BA5: w46 | BB5: w47 | BC5: w48 | BD5: w49 | BE5: w50 | BF5: w51 | BG5: w52
B6: # | C6: Nome | E6: # | H6: 45662 | I6: =H6+7 -> 45669 | J6: =I6+7 -> 45676 | K6: =J6+7 -> 45683 | L6: =K6+7 -> 45690 | M6: =L6+7 -> 45697 | N6: =M6+7 -> 45704 | O6: =N6+7 -> 45711 | P6: =O6+7 -> 45718 | ... BG6: =BF6+7 -> 46019
B7: G | C7: Fabio | D7: =IF(C7="","",C7) -> Fabio | E7: =IF(B7="","",B7) -> G | F7: A | G7: =SUM(H7:BG7) -> 25 | H7: =IFERROR(IF(VLOOKUP($C7,INDIRECT(H$5&"!$V$3:$AG$100"),2,0)>0,1,0),"") | I7: =IFERROR(IF(VLOOKUP($C7,INDIRECT(I$5&"!$V$3:$AG$100"),2,0)>0,1,0),"") -> 1 | J7: =IFERROR(IF(VLOOKUP($C7,INDIRECT(J$5&"!$V$3:$AG$100"),2,0)>0,1,0),"") -> 1 | K7: =IFERROR(IF(VLOOKUP($C7,INDIRECT(K$5&"!$V$3:$AG$100"),2,0)>0,1,0),"") -> 1 | L7: =IFERROR(IF(VLOOKUP($C7,INDIRECT(L$5&"!$V$3:$AG$100"),2,0)>0,1,0),"") | M7: =IFERROR(IF(VLOOKUP($C7,INDIRECT(M$5&"!$V$3:$AG$100"),2,0)>0,1,0),"") | N7: =IFERROR(IF(VLOOKUP($C7,INDIRECT(N$5&"!$V$3:$AG$100"),2,0)>0,1,0),"") -> 1 | O7: =IFERROR(IF(VLOOKUP($C7,INDIRECT(O$5&"!$V$3:$AG$100"),2,0)>0,1,0),"") | ... BG7: =IFERROR(IF(VLOOKUP($C7,INDIRECT(BG$5&"!$V$3:$AG$100"),2,0)>0,1,0),"")
D8: =IF(C8="","",C8) | E8: =IF(B8="","",B8) | F8: G | G8: =SUM(H8:BG8) -> 0 | H8: =IFERROR(IF(VLOOKUP($C7,INDIRECT(H$5&"!$V$3:$AG$100"),12,0)>0,VLOOKUP($C7,INDIRECT(H$5&"!$V$3:$AG$100"),12,0),0),"") | I8: =IFERROR(IF(VLOOKUP($C7,INDIRECT(I$5&"!$V$3:$AG$100"),12,0)>0,VLOOKUP($C7,INDIRECT(I$5&"!$V$3:$AG$100"),12,0),0),"") -> 0 | J8: =IFERROR(IF(VLOOKUP($C7,INDIRECT(J$5&"!$V$3:$AG$100"),12,0)>0,VLOOKUP($C7,INDIRECT(J$5&"!$V$3:$AG$100"),12,0),0),"") -> 0 | K8: =IFERROR(IF(VLOOKUP($C7,INDIRECT(K$5&"!$V$3:$AG$100"),12,0)>0,VLOOKUP($C7,INDIRECT(K$5&"!$V$3:$AG$100"),12,0),0),"") -> 0 | L8: =IFERROR(IF(VLOOKUP($C7,INDIRECT(L$5&"!$V$3:$AG$100"),12,0)>0,VLOOKUP($C7,INDIRECT(L$5&"!$V$3:$AG$100"),12,0),0),"") | M8: =IFERROR(IF(VLOOKUP($C7,INDIRECT(M$5&"!$V$3:$AG$100"),12,0)>0,VLOOKUP($C7,INDIRECT(M$5&"!$V$3:$AG$100"),12,0),0),"") | N8: =IFERROR(IF(VLOOKUP($C7,INDIRECT(N$5&"!$V$3:$AG$100"),12,0)>0,VLOOKUP($C7,INDIRECT(N$5&"!$V$3:$AG$100"),12,0),0),"") -> 0 | O8: =IFERROR(IF(VLOOKUP($C7,INDIRECT(O$5&"!$V$3:$AG$100"),12,0)>0,VLOOKUP($C7,INDIRECT(O$5&"!$V$3:$AG$100"),12,0),0),"") | ... BG8: =IFERROR(IF(VLOOKUP($C7,INDIRECT(BG$5&"!$V$3:$AG$100"),12,0)>0,VLOOKUP($C7,INDIRECT(BG$5&"!$V$3:$AG$100"),12,0),0),"")
D9: =IF(C9="","",C9) | E9: =IF(B9="","",B9) | F9: P | G9: =SUM(H9:BG9) -> 233 | H9: =IFERROR(IF(VLOOKUP($C7,INDIRECT(H$5&"!$V$3:$AG$100"),11,0)>0,VLOOKUP($C7,INDIRECT(H$5&"!$V$3:$AG$100"),11,0),0),"") | I9: =IFERROR(IF(VLOOKUP($C7,INDIRECT(I$5&"!$V$3:$AG$100"),11,0)>0,VLOOKUP($C7,INDIRECT(I$5&"!$V$3:$AG$100"),11,0),0),"") -> 7 | J9: =IFERROR(IF(VLOOKUP($C7,INDIRECT(J$5&"!$V$3:$AG$100"),11,0)>0,VLOOKUP($C7,INDIRECT(J$5&"!$V$3:$AG$100"),11,0),0),"") -> 14 | K9: =IFERROR(IF(VLOOKUP($C7,INDIRECT(K$5&"!$V$3:$AG$100"),11,0)>0,VLOOKUP($C7,INDIRECT(K$5&"!$V$3:$AG$100"),11,0),0),"") -> 10 | L9: =IFERROR(IF(VLOOKUP($C7,INDIRECT(L$5&"!$V$3:$AG$100"),11,0)>0,VLOOKUP($C7,INDIRECT(L$5&"!$V$3:$AG$100"),11,0),0),"") | M9: =IFERROR(IF(VLOOKUP($C7,INDIRECT(M$5&"!$V$3:$AG$100"),11,0)>0,VLOOKUP($C7,INDIRECT(M$5&"!$V$3:$AG$100"),11,0),0),"") | N9: =IFERROR(IF(VLOOKUP($C7,INDIRECT(N$5&"!$V$3:$AG$100"),11,0)>0,VLOOKUP($C7,INDIRECT(N$5&"!$V$3:$AG$100"),11,0),0),"") -> 19 | O9: =IFERROR(IF(VLOOKUP($C7,INDIRECT(O$5&"!$V$3:$AG$100"),11,0)>0,VLOOKUP($C7,INDIRECT(O$5&"!$V$3:$AG$100"),11,0),0),"") | ... BG9: =IFERROR(IF(VLOOKUP($C7,INDIRECT(BG$5&"!$V$3:$AG$100"),11,0)>0,VLOOKUP($C7,INDIRECT(BG$5&"!$V$3:$AG$100"),11,0),0),"")
B10: G | C10: Ralph | D10: =IF(C10="","",C10) -> Ralph | E10: =IF(B10="","",B10) -> G | F10: A | G10: =SUM(H10:BG10) -> 27 | H10: =IFERROR(IF(VLOOKUP($C10,INDIRECT(H$5&"!$V$3:$AG$100"),2,0)>0,1,0),"") | I10: =IFERROR(IF(VLOOKUP($C10,INDIRECT(I$5&"!$V$3:$AG$100"),2,0)>0,1,0),"") -> 1 | J10: =IFERROR(IF(VLOOKUP($C10,INDIRECT(J$5&"!$V$3:$AG$100"),2,0)>0,1,0),"") -> 1 | K10: =IFERROR(IF(VLOOKUP($C10,INDIRECT(K$5&"!$V$3:$AG$100"),2,0)>0,1,0),"") | L10: =IFERROR(IF(VLOOKUP($C10,INDIRECT(L$5&"!$V$3:$AG$100"),2,0)>0,1,0),"") | M10: =IFERROR(IF(VLOOKUP($C10,INDIRECT(M$5&"!$V$3:$AG$100"),2,0)>0,1,0),"") | N10: =IFERROR(IF(VLOOKUP($C10,INDIRECT(N$5&"!$V$3:$AG$100"),2,0)>0,1,0),"") | O10: =IFERROR(IF(VLOOKUP($C10,INDIRECT(O$5&"!$V$3:$AG$100"),2,0)>0,1,0),"") -> 1 | ... BG10: =IFERROR(IF(VLOOKUP($C10,INDIRECT(BG$5&"!$V$3:$AG$100"),2,0)>0,1,0),"")
D11: =IF(C11="","",C11) | E11: =IF(B11="","",B11) | F11: G | G11: =SUM(H11:BG11) -> 0 | H11: =IFERROR(IF(VLOOKUP($C10,INDIRECT(H$5&"!$V$3:$AG$100"),12,0)>0,VLOOKUP($C10,INDIRECT(H$5&"!$V$3:$AG$100"),12,0),0),"") | I11: =IFERROR(IF(VLOOKUP($C10,INDIRECT(I$5&"!$V$3:$AG$100"),12,0)>0,VLOOKUP($C10,INDIRECT(I$5&"!$V$3:$AG$100"),12,0),0),"") -> 0 | J11: =IFERROR(IF(VLOOKUP($C10,INDIRECT(J$5&"!$V$3:$AG$100"),12,0)>0,VLOOKUP($C10,INDIRECT(J$5&"!$V$3:$AG$100"),12,0),0),"") -> 0 | K11: =IFERROR(IF(VLOOKUP($C10,INDIRECT(K$5&"!$V$3:$AG$100"),12,0)>0,VLOOKUP($C10,INDIRECT(K$5&"!$V$3:$AG$100"),12,0),0),"") | L11: =IFERROR(IF(VLOOKUP($C10,INDIRECT(L$5&"!$V$3:$AG$100"),12,0)>0,VLOOKUP($C10,INDIRECT(L$5&"!$V$3:$AG$100"),12,0),0),"") | M11: =IFERROR(IF(VLOOKUP($C10,INDIRECT(M$5&"!$V$3:$AG$100"),12,0)>0,VLOOKUP($C10,INDIRECT(M$5&"!$V$3:$AG$100"),12,0),0),"") | N11: =IFERROR(IF(VLOOKUP($C10,INDIRECT(N$5&"!$V$3:$AG$100"),12,0)>0,VLOOKUP($C10,INDIRECT(N$5&"!$V$3:$AG$100"),12,0),0),"") | O11: =IFERROR(IF(VLOOKUP($C10,INDIRECT(O$5&"!$V$3:$AG$100"),12,0)>0,VLOOKUP($C10,INDIRECT(O$5&"!$V$3:$AG$100"),12,0),0),"") -> 0 | ... BG11: =IFERROR(IF(VLOOKUP($C10,INDIRECT(BG$5&"!$V$3:$AG$100"),12,0)>0,VLOOKUP($C10,INDIRECT(BG$5&"!$V$3:$AG$100"),12,0),0),"")
D12: =IF(C12="","",C12) | E12: =IF(B12="","",B12) | F12: P | G12: =SUM(H12:BG12) -> 262 | H12: =IFERROR(IF(VLOOKUP($C10,INDIRECT(H$5&"!$V$3:$AG$100"),11,0)>0,VLOOKUP($C10,INDIRECT(H$5&"!$V$3:$AG$100"),11,0),0),"") | I12: =IFERROR(IF(VLOOKUP($C10,INDIRECT(I$5&"!$V$3:$AG$100"),11,0)>0,VLOOKUP($C10,INDIRECT(I$5&"!$V$3:$AG$100"),11,0),0),"") -> 14 | J12: =IFERROR(IF(VLOOKUP($C10,INDIRECT(J$5&"!$V$3:$AG$100"),11,0)>0,VLOOKUP($C10,INDIRECT(J$5&"!$V$3:$AG$100"),11,0),0),"") -> 7 | K12: =IFERROR(IF(VLOOKUP($C10,INDIRECT(K$5&"!$V$3:$AG$100"),11,0)>0,VLOOKUP($C10,INDIRECT(K$5&"!$V$3:$AG$100"),11,0),0),"") | L12: =IFERROR(IF(VLOOKUP($C10,INDIRECT(L$5&"!$V$3:$AG$100"),11,0)>0,VLOOKUP($C10,INDIRECT(L$5&"!$V$3:$AG$100"),11,0),0),"") | M12: =IFERROR(IF(VLOOKUP($C10,INDIRECT(M$5&"!$V$3:$AG$100"),11,0)>0,VLOOKUP($C10,INDIRECT(M$5&"!$V$3:$AG$100"),11,0),0),"") | N12: =IFERROR(IF(VLOOKUP($C10,INDIRECT(N$5&"!$V$3:$AG$100"),11,0)>0,VLOOKUP($C10,INDIRECT(N$5&"!$V$3:$AG$100"),11,0),0),"") | O12: =IFERROR(IF(VLOOKUP($C10,INDIRECT(O$5&"!$V$3:$AG$100"),11,0)>0,VLOOKUP($C10,INDIRECT(O$5&"!$V$3:$AG$100"),11,0),0),"") -> 6 | ... BG12: =IFERROR(IF(VLOOKUP($C10,INDIRECT(BG$5&"!$V$3:$AG$100"),11,0)>0,VLOOKUP($C10,INDIRECT(BG$5&"!$V$3:$AG$100"),11,0),0),"")
B13: G | D13: =IF(C13="","",C13) | E13: =IF(B13="","",B13) -> G | F13: A | G13: =SUM(H13:BG13) -> 0 | H13: =IFERROR(IF(VLOOKUP($C13,INDIRECT(H$5&"!$V$3:$AG$100"),2,0)>0,1,0),"") | I13: =IFERROR(IF(VLOOKUP($C13,INDIRECT(I$5&"!$V$3:$AG$100"),2,0)>0,1,0),"") | J13: =IFERROR(IF(VLOOKUP($C13,INDIRECT(J$5&"!$V$3:$AG$100"),2,0)>0,1,0),"") | K13: =IFERROR(IF(VLOOKUP($C13,INDIRECT(K$5&"!$V$3:$AG$100"),2,0)>0,1,0),"") | L13: =IFERROR(IF(VLOOKUP($C13,INDIRECT(L$5&"!$V$3:$AG$100"),2,0)>0,1,0),"") | M13: =IFERROR(IF(VLOOKUP($C13,INDIRECT(M$5&"!$V$3:$AG$100"),2,0)>0,1,0),"") | N13: =IFERROR(IF(VLOOKUP($C13,INDIRECT(N$5&"!$V$3:$AG$100"),2,0)>0,1,0),"") | O13: =IFERROR(IF(VLOOKUP($C13,INDIRECT(O$5&"!$V$3:$AG$100"),2,0)>0,1,0),"") | ... BG13: =IFERROR(IF(VLOOKUP($C13,INDIRECT(BG$5&"!$V$3:$AG$100"),2,0)>0,1,0),"")
D14: =IF(C14="","",C14) | E14: =IF(B14="","",B14) | F14: G | G14: =SUM(H14:BG14) -> 0 | H14: =IFERROR(IF(VLOOKUP($C13,INDIRECT(H$5&"!$V$3:$AG$100"),12,0)>0,VLOOKUP($C13,INDIRECT(H$5&"!$V$3:$AG$100"),12,0),0),"") | I14: =IFERROR(IF(VLOOKUP($C13,INDIRECT(I$5&"!$V$3:$AG$100"),12,0)>0,VLOOKUP($C13,INDIRECT(I$5&"!$V$3:$AG$100"),12,0),0),"") | J14: =IFERROR(IF(VLOOKUP($C13,INDIRECT(J$5&"!$V$3:$AG$100"),12,0)>0,VLOOKUP($C13,INDIRECT(J$5&"!$V$3:$AG$100"),12,0),0),"") | K14: =IFERROR(IF(VLOOKUP($C13,INDIRECT(K$5&"!$V$3:$AG$100"),12,0)>0,VLOOKUP($C13,INDIRECT(K$5&"!$V$3:$AG$100"),12,0),0),"") | L14: =IFERROR(IF(VLOOKUP($C13,INDIRECT(L$5&"!$V$3:$AG$100"),12,0)>0,VLOOKUP($C13,INDIRECT(L$5&"!$V$3:$AG$100"),12,0),0),"") | M14: =IFERROR(IF(VLOOKUP($C13,INDIRECT(M$5&"!$V$3:$AG$100"),12,0)>0,VLOOKUP($C13,INDIRECT(M$5&"!$V$3:$AG$100"),12,0),0),"") | N14: =IFERROR(IF(VLOOKUP($C13,INDIRECT(N$5&"!$V$3:$AG$100"),12,0)>0,VLOOKUP($C13,INDIRECT(N$5&"!$V$3:$AG$100"),12,0),0),"") | O14: =IFERROR(IF(VLOOKUP($C13,INDIRECT(O$5&"!$V$3:$AG$100"),12,0)>0,VLOOKUP($C13,INDIRECT(O$5&"!$V$3:$AG$100"),12,0),0),"") | ... BG14: =IFERROR(IF(VLOOKUP($C13,INDIRECT(BG$5&"!$V$3:$AG$100"),12,0)>0,VLOOKUP($C13,INDIRECT(BG$5&"!$V$3:$AG$100"),12,0),0),"")
D15: =IF(C15="","",C15) | E15: =IF(B15="","",B15) | F15: P | G15: =SUM(H15:BG15) -> 0 | H15: =IFERROR(IF(VLOOKUP($C13,INDIRECT(H$5&"!$V$3:$AG$100"),11,0)>0,VLOOKUP($C13,INDIRECT(H$5&"!$V$3:$AG$100"),11,0),0),"") | I15: =IFERROR(IF(VLOOKUP($C13,INDIRECT(I$5&"!$V$3:$AG$100"),11,0)>0,VLOOKUP($C13,INDIRECT(I$5&"!$V$3:$AG$100"),11,0),0),"") | J15: =IFERROR(IF(VLOOKUP($C13,INDIRECT(J$5&"!$V$3:$AG$100"),11,0)>0,VLOOKUP($C13,INDIRECT(J$5&"!$V$3:$AG$100"),11,0),0),"") | K15: =IFERROR(IF(VLOOKUP($C13,INDIRECT(K$5&"!$V$3:$AG$100"),11,0)>0,VLOOKUP($C13,INDIRECT(K$5&"!$V$3:$AG$100"),11,0),0),"") | L15: =IFERROR(IF(VLOOKUP($C13,INDIRECT(L$5&"!$V$3:$AG$100"),11,0)>0,VLOOKUP($C13,INDIRECT(L$5&"!$V$3:$AG$100"),11,0),0),"") | M15: =IFERROR(IF(VLOOKUP($C13,INDIRECT(M$5&"!$V$3:$AG$100"),11,0)>0,VLOOKUP($C13,INDIRECT(M$5&"!$V$3:$AG$100"),11,0),0),"") | N15: =IFERROR(IF(VLOOKUP($C13,INDIRECT(N$5&"!$V$3:$AG$100"),11,0)>0,VLOOKUP($C13,INDIRECT(N$5&"!$V$3:$AG$100"),11,0),0),"") | O15: =IFERROR(IF(VLOOKUP($C13,INDIRECT(O$5&"!$V$3:$AG$100"),11,0)>0,VLOOKUP($C13,INDIRECT(O$5&"!$V$3:$AG$100"),11,0),0),"") | ... BG15: =IFERROR(IF(VLOOKUP($C13,INDIRECT(BG$5&"!$V$3:$AG$100"),11,0)>0,VLOOKUP($C13,INDIRECT(BG$5&"!$V$3:$AG$100"),11,0),0),"")
B16: G | D16: =IF(C16="","",C16) | E16: =IF(B16="","",B16) -> G | F16: A | G16: =SUM(H16:BG16) -> 0 | H16: =IFERROR(IF(VLOOKUP($C16,INDIRECT(H$5&"!$V$3:$AG$100"),2,0)>0,1,0),"") | I16: =IFERROR(IF(VLOOKUP($C16,INDIRECT(I$5&"!$V$3:$AG$100"),2,0)>0,1,0),"") | J16: =IFERROR(IF(VLOOKUP($C16,INDIRECT(J$5&"!$V$3:$AG$100"),2,0)>0,1,0),"") | K16: =IFERROR(IF(VLOOKUP($C16,INDIRECT(K$5&"!$V$3:$AG$100"),2,0)>0,1,0),"") | L16: =IFERROR(IF(VLOOKUP($C16,INDIRECT(L$5&"!$V$3:$AG$100"),2,0)>0,1,0),"") | M16: =IFERROR(IF(VLOOKUP($C16,INDIRECT(M$5&"!$V$3:$AG$100"),2,0)>0,1,0),"") | N16: =IFERROR(IF(VLOOKUP($C16,INDIRECT(N$5&"!$V$3:$AG$100"),2,0)>0,1,0),"") | O16: =IFERROR(IF(VLOOKUP($C16,INDIRECT(O$5&"!$V$3:$AG$100"),2,0)>0,1,0),"") | ... BG16: =IFERROR(IF(VLOOKUP($C16,INDIRECT(BG$5&"!$V$3:$AG$100"),2,0)>0,1,0),"")
D17: =IF(C17="","",C17) | E17: =IF(B17="","",B17) | F17: G | G17: =SUM(H17:BG17) -> 0 | H17: =IFERROR(IF(VLOOKUP($C16,INDIRECT(H$5&"!$V$3:$AG$100"),12,0)>0,VLOOKUP($C16,INDIRECT(H$5&"!$V$3:$AG$100"),12,0),0),"") | I17: =IFERROR(IF(VLOOKUP($C16,INDIRECT(I$5&"!$V$3:$AG$100"),12,0)>0,VLOOKUP($C16,INDIRECT(I$5&"!$V$3:$AG$100"),12,0),0),"") | J17: =IFERROR(IF(VLOOKUP($C16,INDIRECT(J$5&"!$V$3:$AG$100"),12,0)>0,VLOOKUP($C16,INDIRECT(J$5&"!$V$3:$AG$100"),12,0),0),"") | K17: =IFERROR(IF(VLOOKUP($C16,INDIRECT(K$5&"!$V$3:$AG$100"),12,0)>0,VLOOKUP($C16,INDIRECT(K$5&"!$V$3:$AG$100"),12,0),0),"") | L17: =IFERROR(IF(VLOOKUP($C16,INDIRECT(L$5&"!$V$3:$AG$100"),12,0)>0,VLOOKUP($C16,INDIRECT(L$5&"!$V$3:$AG$100"),12,0),0),"") | M17: =IFERROR(IF(VLOOKUP($C16,INDIRECT(M$5&"!$V$3:$AG$100"),12,0)>0,VLOOKUP($C16,INDIRECT(M$5&"!$V$3:$AG$100"),12,0),0),"") | N17: =IFERROR(IF(VLOOKUP($C16,INDIRECT(N$5&"!$V$3:$AG$100"),12,0)>0,VLOOKUP($C16,INDIRECT(N$5&"!$V$3:$AG$100"),12,0),0),"") | O17: =IFERROR(IF(VLOOKUP($C16,INDIRECT(O$5&"!$V$3:$AG$100"),12,0)>0,VLOOKUP($C16,INDIRECT(O$5&"!$V$3:$AG$100"),12,0),0),"") | ... BG17: =IFERROR(IF(VLOOKUP($C16,INDIRECT(BG$5&"!$V$3:$AG$100"),12,0)>0,VLOOKUP($C16,INDIRECT(BG$5&"!$V$3:$AG$100"),12,0),0),"")
D18: =IF(C18="","",C18) | E18: =IF(B18="","",B18) | F18: P | G18: =SUM(H18:BG18) -> 0 | H18: =IFERROR(IF(VLOOKUP($C16,INDIRECT(H$5&"!$V$3:$AG$100"),11,0)>0,VLOOKUP($C16,INDIRECT(H$5&"!$V$3:$AG$100"),11,0),0),"") | I18: =IFERROR(IF(VLOOKUP($C16,INDIRECT(I$5&"!$V$3:$AG$100"),11,0)>0,VLOOKUP($C16,INDIRECT(I$5&"!$V$3:$AG$100"),11,0),0),"") | J18: =IFERROR(IF(VLOOKUP($C16,INDIRECT(J$5&"!$V$3:$AG$100"),11,0)>0,VLOOKUP($C16,INDIRECT(J$5&"!$V$3:$AG$100"),11,0),0),"") | K18: =IFERROR(IF(VLOOKUP($C16,INDIRECT(K$5&"!$V$3:$AG$100"),11,0)>0,VLOOKUP($C16,INDIRECT(K$5&"!$V$3:$AG$100"),11,0),0),"") | L18: =IFERROR(IF(VLOOKUP($C16,INDIRECT(L$5&"!$V$3:$AG$100"),11,0)>0,VLOOKUP($C16,INDIRECT(L$5&"!$V$3:$AG$100"),11,0),0),"") | M18: =IFERROR(IF(VLOOKUP($C16,INDIRECT(M$5&"!$V$3:$AG$100"),11,0)>0,VLOOKUP($C16,INDIRECT(M$5&"!$V$3:$AG$100"),11,0),0),"") | N18: =IFERROR(IF(VLOOKUP($C16,INDIRECT(N$5&"!$V$3:$AG$100"),11,0)>0,VLOOKUP($C16,INDIRECT(N$5&"!$V$3:$AG$100"),11,0),0),"") | O18: =IFERROR(IF(VLOOKUP($C16,INDIRECT(O$5&"!$V$3:$AG$100"),11,0)>0,VLOOKUP($C16,INDIRECT(O$5&"!$V$3:$AG$100"),11,0),0),"") | ... BG18: =IFERROR(IF(VLOOKUP($C16,INDIRECT(BG$5&"!$V$3:$AG$100"),11,0)>0,VLOOKUP($C16,INDIRECT(BG$5&"!$V$3:$AG$100"),11,0),0),"")
B19: Z | C19: Andre | D19: =IF(C19="","",C19) -> Andre | E19: =IF(B19="","",B19) -> Z | F19: A | G19: =SUM(H19:BG19) -> 28 | H19: =IFERROR(IF(VLOOKUP($C19,INDIRECT(H$5&"!$V$3:$AG$100"),2,0)>0,1,0),"") | I19: =IFERROR(IF(VLOOKUP($C19,INDIRECT(I$5&"!$V$3:$AG$100"),2,0)>0,1,0),"") -> 1 | J19: =IFERROR(IF(VLOOKUP($C19,INDIRECT(J$5&"!$V$3:$AG$100"),2,0)>0,1,0),"") -> 1 | K19: =IFERROR(IF(VLOOKUP($C19,INDIRECT(K$5&"!$V$3:$AG$100"),2,0)>0,1,0),"") -> 1 | L19: =IFERROR(IF(VLOOKUP($C19,INDIRECT(L$5&"!$V$3:$AG$100"),2,0)>0,1,0),"") | M19: =IFERROR(IF(VLOOKUP($C19,INDIRECT(M$5&"!$V$3:$AG$100"),2,0)>0,1,0),"") | N19: =IFERROR(IF(VLOOKUP($C19,INDIRECT(N$5&"!$V$3:$AG$100"),2,0)>0,1,0),"") -> 1 | O19: =IFERROR(IF(VLOOKUP($C19,INDIRECT(O$5&"!$V$3:$AG$100"),2,0)>0,1,0),"") -> 1 | ... BG19: =IFERROR(IF(VLOOKUP($C19,INDIRECT(BG$5&"!$V$3:$AG$100"),2,0)>0,1,0),"")
D20: =IF(C20="","",C20) | E20: =IF(B20="","",B20) | F20: G | G20: =SUM(H20:BG20) -> 2 | H20: =IFERROR(IF(VLOOKUP($C19,INDIRECT(H$5&"!$V$3:$AG$100"),12,0)>0,VLOOKUP($C19,INDIRECT(H$5&"!$V$3:$AG$100"),12,0),0),"") | I20: =IFERROR(IF(VLOOKUP($C19,INDIRECT(I$5&"!$V$3:$AG$100"),12,0)>0,VLOOKUP($C19,INDIRECT(I$5&"!$V$3:$AG$100"),12,0),0),"") -> 0 | J20: =IFERROR(IF(VLOOKUP($C19,INDIRECT(J$5&"!$V$3:$AG$100"),12,0)>0,VLOOKUP($C19,INDIRECT(J$5&"!$V$3:$AG$100"),12,0),0),"") -> 0 | K20: =IFERROR(IF(VLOOKUP($C19,INDIRECT(K$5&"!$V$3:$AG$100"),12,0)>0,VLOOKUP($C19,INDIRECT(K$5&"!$V$3:$AG$100"),12,0),0),"") -> 0 | L20: =IFERROR(IF(VLOOKUP($C19,INDIRECT(L$5&"!$V$3:$AG$100"),12,0)>0,VLOOKUP($C19,INDIRECT(L$5&"!$V$3:$AG$100"),12,0),0),"") | M20: =IFERROR(IF(VLOOKUP($C19,INDIRECT(M$5&"!$V$3:$AG$100"),12,0)>0,VLOOKUP($C19,INDIRECT(M$5&"!$V$3:$AG$100"),12,0),0),"") | N20: =IFERROR(IF(VLOOKUP($C19,INDIRECT(N$5&"!$V$3:$AG$100"),12,0)>0,VLOOKUP($C19,INDIRECT(N$5&"!$V$3:$AG$100"),12,0),0),"") -> 0 | O20: =IFERROR(IF(VLOOKUP($C19,INDIRECT(O$5&"!$V$3:$AG$100"),12,0)>0,VLOOKUP($C19,INDIRECT(O$5&"!$V$3:$AG$100"),12,0),0),"") -> 0 | ... BG20: =IFERROR(IF(VLOOKUP($C19,INDIRECT(BG$5&"!$V$3:$AG$100"),12,0)>0,VLOOKUP($C19,INDIRECT(BG$5&"!$V$3:$AG$100"),12,0),0),"")
D21: =IF(C21="","",C21) | E21: =IF(B21="","",B21) | F21: P | G21: =SUM(H21:BG21) -> 214 | H21: =IFERROR(IF(VLOOKUP($C19,INDIRECT(H$5&"!$V$3:$AG$100"),11,0)>0,VLOOKUP($C19,INDIRECT(H$5&"!$V$3:$AG$100"),11,0),0),"") | I21: =IFERROR(IF(VLOOKUP($C19,INDIRECT(I$5&"!$V$3:$AG$100"),11,0)>0,VLOOKUP($C19,INDIRECT(I$5&"!$V$3:$AG$100"),11,0),0),"") -> 6 | J21: =IFERROR(IF(VLOOKUP($C19,INDIRECT(J$5&"!$V$3:$AG$100"),11,0)>0,VLOOKUP($C19,INDIRECT(J$5&"!$V$3:$AG$100"),11,0),0),"") -> 3 | K21: =IFERROR(IF(VLOOKUP($C19,INDIRECT(K$5&"!$V$3:$AG$100"),11,0)>0,VLOOKUP($C19,INDIRECT(K$5&"!$V$3:$AG$100"),11,0),0),"") -> 8 | L21: =IFERROR(IF(VLOOKUP($C19,INDIRECT(L$5&"!$V$3:$AG$100"),11,0)>0,VLOOKUP($C19,INDIRECT(L$5&"!$V$3:$AG$100"),11,0),0),"") | M21: =IFERROR(IF(VLOOKUP($C19,INDIRECT(M$5&"!$V$3:$AG$100"),11,0)>0,VLOOKUP($C19,INDIRECT(M$5&"!$V$3:$AG$100"),11,0),0),"") | N21: =IFERROR(IF(VLOOKUP($C19,INDIRECT(N$5&"!$V$3:$AG$100"),11,0)>0,VLOOKUP($C19,INDIRECT(N$5&"!$V$3:$AG$100"),11,0),0),"") -> 3 | O21: =IFERROR(IF(VLOOKUP($C19,INDIRECT(O$5&"!$V$3:$AG$100"),11,0)>0,VLOOKUP($C19,INDIRECT(O$5&"!$V$3:$AG$100"),11,0),0),"") -> 11 | ... BG21: =IFERROR(IF(VLOOKUP($C19,INDIRECT(BG$5&"!$V$3:$AG$100"),11,0)>0,VLOOKUP($C19,INDIRECT(BG$5&"!$V$3:$AG$100"),11,0),0),"")
B22: Z | C22: Fernando | D22: =IF(C22="","",C22) -> Fernando | E22: =IF(B22="","",B22) -> Z | F22: A | G22: =SUM(H22:BG22) -> 23 | H22: =IFERROR(IF(VLOOKUP($C22,INDIRECT(H$5&"!$V$3:$AG$100"),2,0)>0,1,0),"") | I22: =IFERROR(IF(VLOOKUP($C22,INDIRECT(I$5&"!$V$3:$AG$100"),2,0)>0,1,0),"") -> 1 | J22: =IFERROR(IF(VLOOKUP($C22,INDIRECT(J$5&"!$V$3:$AG$100"),2,0)>0,1,0),"") -> 1 | K22: =IFERROR(IF(VLOOKUP($C22,INDIRECT(K$5&"!$V$3:$AG$100"),2,0)>0,1,0),"") | L22: =IFERROR(IF(VLOOKUP($C22,INDIRECT(L$5&"!$V$3:$AG$100"),2,0)>0,1,0),"") | M22: =IFERROR(IF(VLOOKUP($C22,INDIRECT(M$5&"!$V$3:$AG$100"),2,0)>0,1,0),"") | N22: =IFERROR(IF(VLOOKUP($C22,INDIRECT(N$5&"!$V$3:$AG$100"),2,0)>0,1,0),"") -> 1 | O22: =IFERROR(IF(VLOOKUP($C22,INDIRECT(O$5&"!$V$3:$AG$100"),2,0)>0,1,0),"") -> 1 | ... BG22: =IFERROR(IF(VLOOKUP($C22,INDIRECT(BG$5&"!$V$3:$AG$100"),2,0)>0,1,0),"")
D23: =IF(C23="","",C23) | E23: =IF(B23="","",B23) | F23: G | G23: =SUM(H23:BG23) -> 13 | H23: =IFERROR(IF(VLOOKUP($C22,INDIRECT(H$5&"!$V$3:$AG$100"),12,0)>0,VLOOKUP($C22,INDIRECT(H$5&"!$V$3:$AG$100"),12,0),0),"") | I23: =IFERROR(IF(VLOOKUP($C22,INDIRECT(I$5&"!$V$3:$AG$100"),12,0)>0,VLOOKUP($C22,INDIRECT(I$5&"!$V$3:$AG$100"),12,0),0),"") -> 0 | J23: =IFERROR(IF(VLOOKUP($C22,INDIRECT(J$5&"!$V$3:$AG$100"),12,0)>0,VLOOKUP($C22,INDIRECT(J$5&"!$V$3:$AG$100"),12,0),0),"") -> 1 | K23: =IFERROR(IF(VLOOKUP($C22,INDIRECT(K$5&"!$V$3:$AG$100"),12,0)>0,VLOOKUP($C22,INDIRECT(K$5&"!$V$3:$AG$100"),12,0),0),"") | L23: =IFERROR(IF(VLOOKUP($C22,INDIRECT(L$5&"!$V$3:$AG$100"),12,0)>0,VLOOKUP($C22,INDIRECT(L$5&"!$V$3:$AG$100"),12,0),0),"") | M23: =IFERROR(IF(VLOOKUP($C22,INDIRECT(M$5&"!$V$3:$AG$100"),12,0)>0,VLOOKUP($C22,INDIRECT(M$5&"!$V$3:$AG$100"),12,0),0),"") | N23: =IFERROR(IF(VLOOKUP($C22,INDIRECT(N$5&"!$V$3:$AG$100"),12,0)>0,VLOOKUP($C22,INDIRECT(N$5&"!$V$3:$AG$100"),12,0),0),"") -> 0 | O23: =IFERROR(IF(VLOOKUP($C22,INDIRECT(O$5&"!$V$3:$AG$100"),12,0)>0,VLOOKUP($C22,INDIRECT(O$5&"!$V$3:$AG$100"),12,0),0),"") -> 0 | ... BG23: =IFERROR(IF(VLOOKUP($C22,INDIRECT(BG$5&"!$V$3:$AG$100"),12,0)>0,VLOOKUP($C22,INDIRECT(BG$5&"!$V$3:$AG$100"),12,0),0),"")
D24: =IF(C24="","",C24) | E24: =IF(B24="","",B24) | F24: P | G24: =SUM(H24:BG24) -> 161 | H24: =IFERROR(IF(VLOOKUP($C22,INDIRECT(H$5&"!$V$3:$AG$100"),11,0)>0,VLOOKUP($C22,INDIRECT(H$5&"!$V$3:$AG$100"),11,0),0),"") | I24: =IFERROR(IF(VLOOKUP($C22,INDIRECT(I$5&"!$V$3:$AG$100"),11,0)>0,VLOOKUP($C22,INDIRECT(I$5&"!$V$3:$AG$100"),11,0),0),"") -> 11 | J24: =IFERROR(IF(VLOOKUP($C22,INDIRECT(J$5&"!$V$3:$AG$100"),11,0)>0,VLOOKUP($C22,INDIRECT(J$5&"!$V$3:$AG$100"),11,0),0),"") -> 7 | K24: =IFERROR(IF(VLOOKUP($C22,INDIRECT(K$5&"!$V$3:$AG$100"),11,0)>0,VLOOKUP($C22,INDIRECT(K$5&"!$V$3:$AG$100"),11,0),0),"") | L24: =IFERROR(IF(VLOOKUP($C22,INDIRECT(L$5&"!$V$3:$AG$100"),11,0)>0,VLOOKUP($C22,INDIRECT(L$5&"!$V$3:$AG$100"),11,0),0),"") | M24: =IFERROR(IF(VLOOKUP($C22,INDIRECT(M$5&"!$V$3:$AG$100"),11,0)>0,VLOOKUP($C22,INDIRECT(M$5&"!$V$3:$AG$100"),11,0),0),"") | N24: =IFERROR(IF(VLOOKUP($C22,INDIRECT(N$5&"!$V$3:$AG$100"),11,0)>0,VLOOKUP($C22,INDIRECT(N$5&"!$V$3:$AG$100"),11,0),0),"") -> 6 | O24: =IFERROR(IF(VLOOKUP($C22,INDIRECT(O$5&"!$V$3:$AG$100"),11,0)>0,VLOOKUP($C22,INDIRECT(O$5&"!$V$3:$AG$100"),11,0),0),"") -> 2 | ... BG24: =IFERROR(IF(VLOOKUP($C22,INDIRECT(BG$5&"!$V$3:$AG$100"),11,0)>0,VLOOKUP($C22,INDIRECT(BG$5&"!$V$3:$AG$100"),11,0),0),"")
B25: Z | C25: Kike | D25: =IF(C25="","",C25) -> Kike | E25: =IF(B25="","",B25) -> Z | F25: A | G25: =SUM(H25:BG25) -> 15 | H25: =IFERROR(IF(VLOOKUP($C25,INDIRECT(H$5&"!$V$3:$AG$100"),2,0)>0,1,0),"") | I25: =IFERROR(IF(VLOOKUP($C25,INDIRECT(I$5&"!$V$3:$AG$100"),2,0)>0,1,0),"") -> 1 | J25: =IFERROR(IF(VLOOKUP($C25,INDIRECT(J$5&"!$V$3:$AG$100"),2,0)>0,1,0),"") | K25: =IFERROR(IF(VLOOKUP($C25,INDIRECT(K$5&"!$V$3:$AG$100"),2,0)>0,1,0),"") | L25: =IFERROR(IF(VLOOKUP($C25,INDIRECT(L$5&"!$V$3:$AG$100"),2,0)>0,1,0),"") | M25: =IFERROR(IF(VLOOKUP($C25,INDIRECT(M$5&"!$V$3:$AG$100"),2,0)>0,1,0),"") | N25: =IFERROR(IF(VLOOKUP($C25,INDIRECT(N$5&"!$V$3:$AG$100"),2,0)>0,1,0),"") -> 1 | O25: =IFERROR(IF(VLOOKUP($C25,INDIRECT(O$5&"!$V$3:$AG$100"),2,0)>0,1,0),"") | ... BG25: =IFERROR(IF(VLOOKUP($C25,INDIRECT(BG$5&"!$V$3:$AG$100"),2,0)>0,1,0),"")
D26: =IF(C26="","",C26) | E26: =IF(B26="","",B26) | F26: G | G26: =SUM(H26:BG26) -> 1 | H26: =IFERROR(IF(VLOOKUP($C25,INDIRECT(H$5&"!$V$3:$AG$100"),12,0)>0,VLOOKUP($C25,INDIRECT(H$5&"!$V$3:$AG$100"),12,0),0),"") | I26: =IFERROR(IF(VLOOKUP($C25,INDIRECT(I$5&"!$V$3:$AG$100"),12,0)>0,VLOOKUP($C25,INDIRECT(I$5&"!$V$3:$AG$100"),12,0),0),"") -> 0 | J26: =IFERROR(IF(VLOOKUP($C25,INDIRECT(J$5&"!$V$3:$AG$100"),12,0)>0,VLOOKUP($C25,INDIRECT(J$5&"!$V$3:$AG$100"),12,0),0),"") | K26: =IFERROR(IF(VLOOKUP($C25,INDIRECT(K$5&"!$V$3:$AG$100"),12,0)>0,VLOOKUP($C25,INDIRECT(K$5&"!$V$3:$AG$100"),12,0),0),"") | L26: =IFERROR(IF(VLOOKUP($C25,INDIRECT(L$5&"!$V$3:$AG$100"),12,0)>0,VLOOKUP($C25,INDIRECT(L$5&"!$V$3:$AG$100"),12,0),0),"") | M26: =IFERROR(IF(VLOOKUP($C25,INDIRECT(M$5&"!$V$3:$AG$100"),12,0)>0,VLOOKUP($C25,INDIRECT(M$5&"!$V$3:$AG$100"),12,0),0),"") | N26: =IFERROR(IF(VLOOKUP($C25,INDIRECT(N$5&"!$V$3:$AG$100"),12,0)>0,VLOOKUP($C25,INDIRECT(N$5&"!$V$3:$AG$100"),12,0),0),"") -> 0 | O26: =IFERROR(IF(VLOOKUP($C25,INDIRECT(O$5&"!$V$3:$AG$100"),12,0)>0,VLOOKUP($C25,INDIRECT(O$5&"!$V$3:$AG$100"),12,0),0),"") | ... BG26: =IFERROR(IF(VLOOKUP($C25,INDIRECT(BG$5&"!$V$3:$AG$100"),12,0)>0,VLOOKUP($C25,INDIRECT(BG$5&"!$V$3:$AG$100"),12,0),0),"")
D27: =IF(C27="","",C27) | E27: =IF(B27="","",B27) | F27: P | G27: =SUM(H27:BG27) -> 80 | H27: =IFERROR(IF(VLOOKUP($C25,INDIRECT(H$5&"!$V$3:$AG$100"),11,0)>0,VLOOKUP($C25,INDIRECT(H$5&"!$V$3:$AG$100"),11,0),0),"") | I27: =IFERROR(IF(VLOOKUP($C25,INDIRECT(I$5&"!$V$3:$AG$100"),11,0)>0,VLOOKUP($C25,INDIRECT(I$5&"!$V$3:$AG$100"),11,0),0),"") -> 0 | J27: =IFERROR(IF(VLOOKUP($C25,INDIRECT(J$5&"!$V$3:$AG$100"),11,0)>0,VLOOKUP($C25,INDIRECT(J$5&"!$V$3:$AG$100"),11,0),0),"") | K27: =IFERROR(IF(VLOOKUP($C25,INDIRECT(K$5&"!$V$3:$AG$100"),11,0)>0,VLOOKUP($C25,INDIRECT(K$5&"!$V$3:$AG$100"),11,0),0),"") | L27: =IFERROR(IF(VLOOKUP($C25,INDIRECT(L$5&"!$V$3:$AG$100"),11,0)>0,VLOOKUP($C25,INDIRECT(L$5&"!$V$3:$AG$100"),11,0),0),"") | M27: =IFERROR(IF(VLOOKUP($C25,INDIRECT(M$5&"!$V$3:$AG$100"),11,0)>0,VLOOKUP($C25,INDIRECT(M$5&"!$V$3:$AG$100"),11,0),0),"") | N27: =IFERROR(IF(VLOOKUP($C25,INDIRECT(N$5&"!$V$3:$AG$100"),11,0)>0,VLOOKUP($C25,INDIRECT(N$5&"!$V$3:$AG$100"),11,0),0),"") -> 3 | O27: =IFERROR(IF(VLOOKUP($C25,INDIRECT(O$5&"!$V$3:$AG$100"),11,0)>0,VLOOKUP($C25,INDIRECT(O$5&"!$V$3:$AG$100"),11,0),0),"") | ... BG27: =IFERROR(IF(VLOOKUP($C25,INDIRECT(BG$5&"!$V$3:$AG$100"),11,0)>0,VLOOKUP($C25,INDIRECT(BG$5&"!$V$3:$AG$100"),11,0),0),"")
B28: Z | C28: Rodrigo | D28: =IF(C28="","",C28) -> Rodrigo | E28: =IF(B28="","",B28) -> Z | F28: A | G28: =SUM(H28:BG28) -> 1 | H28: =IFERROR(IF(VLOOKUP($C28,INDIRECT(H$5&"!$V$3:$AG$100"),2,0)>0,1,0),"") | I28: =IFERROR(IF(VLOOKUP($C28,INDIRECT(I$5&"!$V$3:$AG$100"),2,0)>0,1,0),"") | J28: =IFERROR(IF(VLOOKUP($C28,INDIRECT(J$5&"!$V$3:$AG$100"),2,0)>0,1,0),"") | K28: =IFERROR(IF(VLOOKUP($C28,INDIRECT(K$5&"!$V$3:$AG$100"),2,0)>0,1,0),"") | L28: =IFERROR(IF(VLOOKUP($C28,INDIRECT(L$5&"!$V$3:$AG$100"),2,0)>0,1,0),"") | M28: =IFERROR(IF(VLOOKUP($C28,INDIRECT(M$5&"!$V$3:$AG$100"),2,0)>0,1,0),"") | N28: =IFERROR(IF(VLOOKUP($C28,INDIRECT(N$5&"!$V$3:$AG$100"),2,0)>0,1,0),"") | O28: =IFERROR(IF(VLOOKUP($C28,INDIRECT(O$5&"!$V$3:$AG$100"),2,0)>0,1,0),"") | ... BG28: =IFERROR(IF(VLOOKUP($C28,INDIRECT(BG$5&"!$V$3:$AG$100"),2,0)>0,1,0),"")
D29: =IF(C29="","",C29) | E29: =IF(B29="","",B29) | F29: G | G29: =SUM(H29:BG29) -> 1 | H29: =IFERROR(IF(VLOOKUP($C28,INDIRECT(H$5&"!$V$3:$AG$100"),12,0)>0,VLOOKUP($C28,INDIRECT(H$5&"!$V$3:$AG$100"),12,0),0),"") | I29: =IFERROR(IF(VLOOKUP($C28,INDIRECT(I$5&"!$V$3:$AG$100"),12,0)>0,VLOOKUP($C28,INDIRECT(I$5&"!$V$3:$AG$100"),12,0),0),"") | J29: =IFERROR(IF(VLOOKUP($C28,INDIRECT(J$5&"!$V$3:$AG$100"),12,0)>0,VLOOKUP($C28,INDIRECT(J$5&"!$V$3:$AG$100"),12,0),0),"") | K29: =IFERROR(IF(VLOOKUP($C28,INDIRECT(K$5&"!$V$3:$AG$100"),12,0)>0,VLOOKUP($C28,INDIRECT(K$5&"!$V$3:$AG$100"),12,0),0),"") | L29: =IFERROR(IF(VLOOKUP($C28,INDIRECT(L$5&"!$V$3:$AG$100"),12,0)>0,VLOOKUP($C28,INDIRECT(L$5&"!$V$3:$AG$100"),12,0),0),"") | M29: =IFERROR(IF(VLOOKUP($C28,INDIRECT(M$5&"!$V$3:$AG$100"),12,0)>0,VLOOKUP($C28,INDIRECT(M$5&"!$V$3:$AG$100"),12,0),0),"") | N29: =IFERROR(IF(VLOOKUP($C28,INDIRECT(N$5&"!$V$3:$AG$100"),12,0)>0,VLOOKUP($C28,INDIRECT(N$5&"!$V$3:$AG$100"),12,0),0),"") | O29: =IFERROR(IF(VLOOKUP($C28,INDIRECT(O$5&"!$V$3:$AG$100"),12,0)>0,VLOOKUP($C28,INDIRECT(O$5&"!$V$3:$AG$100"),12,0),0),"") | ... BG29: =IFERROR(IF(VLOOKUP($C28,INDIRECT(BG$5&"!$V$3:$AG$100"),12,0)>0,VLOOKUP($C28,INDIRECT(BG$5&"!$V$3:$AG$100"),12,0),0),"")
D30: =IF(C30="","",C30) | E30: =IF(B30="","",B30) | F30: P | G30: =SUM(H30:BG30) -> 9 | H30: =IFERROR(IF(VLOOKUP($C28,INDIRECT(H$5&"!$V$3:$AG$100"),11,0)>0,VLOOKUP($C28,INDIRECT(H$5&"!$V$3:$AG$100"),11,0),0),"") | I30: =IFERROR(IF(VLOOKUP($C28,INDIRECT(I$5&"!$V$3:$AG$100"),11,0)>0,VLOOKUP($C28,INDIRECT(I$5&"!$V$3:$AG$100"),11,0),0),"") | J30: =IFERROR(IF(VLOOKUP($C28,INDIRECT(J$5&"!$V$3:$AG$100"),11,0)>0,VLOOKUP($C28,INDIRECT(J$5&"!$V$3:$AG$100"),11,0),0),"") | K30: =IFERROR(IF(VLOOKUP($C28,INDIRECT(K$5&"!$V$3:$AG$100"),11,0)>0,VLOOKUP($C28,INDIRECT(K$5&"!$V$3:$AG$100"),11,0),0),"") | L30: =IFERROR(IF(VLOOKUP($C28,INDIRECT(L$5&"!$V$3:$AG$100"),11,0)>0,VLOOKUP($C28,INDIRECT(L$5&"!$V$3:$AG$100"),11,0),0),"") | M30: =IFERROR(IF(VLOOKUP($C28,INDIRECT(M$5&"!$V$3:$AG$100"),11,0)>0,VLOOKUP($C28,INDIRECT(M$5&"!$V$3:$AG$100"),11,0),0),"") | N30: =IFERROR(IF(VLOOKUP($C28,INDIRECT(N$5&"!$V$3:$AG$100"),11,0)>0,VLOOKUP($C28,INDIRECT(N$5&"!$V$3:$AG$100"),11,0),0),"") | O30: =IFERROR(IF(VLOOKUP($C28,INDIRECT(O$5&"!$V$3:$AG$100"),11,0)>0,VLOOKUP($C28,INDIRECT(O$5&"!$V$3:$AG$100"),11,0),0),"") | ... BG30: =IFERROR(IF(VLOOKUP($C28,INDIRECT(BG$5&"!$V$3:$AG$100"),11,0)>0,VLOOKUP($C28,INDIRECT(BG$5&"!$V$3:$AG$100"),11,0),0),"")
B31: Z | D31: =IF(C31="","",C31) | E31: =IF(B31="","",B31) -> Z | F31: A | G31: =SUM(H31:BG31) -> 0 | H31: =IFERROR(IF(VLOOKUP($C31,INDIRECT(H$5&"!$V$3:$AG$100"),2,0)>0,1,0),"") | I31: =IFERROR(IF(VLOOKUP($C31,INDIRECT(I$5&"!$V$3:$AG$100"),2,0)>0,1,0),"") | J31: =IFERROR(IF(VLOOKUP($C31,INDIRECT(J$5&"!$V$3:$AG$100"),2,0)>0,1,0),"") | K31: =IFERROR(IF(VLOOKUP($C31,INDIRECT(K$5&"!$V$3:$AG$100"),2,0)>0,1,0),"") | L31: =IFERROR(IF(VLOOKUP($C31,INDIRECT(L$5&"!$V$3:$AG$100"),2,0)>0,1,0),"") | M31: =IFERROR(IF(VLOOKUP($C31,INDIRECT(M$5&"!$V$3:$AG$100"),2,0)>0,1,0),"") | N31: =IFERROR(IF(VLOOKUP($C31,INDIRECT(N$5&"!$V$3:$AG$100"),2,0)>0,1,0),"") | O31: =IFERROR(IF(VLOOKUP($C31,INDIRECT(O$5&"!$V$3:$AG$100"),2,0)>0,1,0),"") | ... BG31: =IFERROR(IF(VLOOKUP($C31,INDIRECT(BG$5&"!$V$3:$AG$100"),2,0)>0,1,0),"")
D32: =IF(C32="","",C32) | E32: =IF(B32="","",B32) | F32: G | G32: =SUM(H32:BG32) -> 0 | H32: =IFERROR(IF(VLOOKUP($C31,INDIRECT(H$5&"!$V$3:$AG$100"),12,0)>0,VLOOKUP($C31,INDIRECT(H$5&"!$V$3:$AG$100"),12,0),0),"") | I32: =IFERROR(IF(VLOOKUP($C31,INDIRECT(I$5&"!$V$3:$AG$100"),12,0)>0,VLOOKUP($C31,INDIRECT(I$5&"!$V$3:$AG$100"),12,0),0),"") | J32: =IFERROR(IF(VLOOKUP($C31,INDIRECT(J$5&"!$V$3:$AG$100"),12,0)>0,VLOOKUP($C31,INDIRECT(J$5&"!$V$3:$AG$100"),12,0),0),"") | K32: =IFERROR(IF(VLOOKUP($C31,INDIRECT(K$5&"!$V$3:$AG$100"),12,0)>0,VLOOKUP($C31,INDIRECT(K$5&"!$V$3:$AG$100"),12,0),0),"") | L32: =IFERROR(IF(VLOOKUP($C31,INDIRECT(L$5&"!$V$3:$AG$100"),12,0)>0,VLOOKUP($C31,INDIRECT(L$5&"!$V$3:$AG$100"),12,0),0),"") | M32: =IFERROR(IF(VLOOKUP($C31,INDIRECT(M$5&"!$V$3:$AG$100"),12,0)>0,VLOOKUP($C31,INDIRECT(M$5&"!$V$3:$AG$100"),12,0),0),"") | N32: =IFERROR(IF(VLOOKUP($C31,INDIRECT(N$5&"!$V$3:$AG$100"),12,0)>0,VLOOKUP($C31,INDIRECT(N$5&"!$V$3:$AG$100"),12,0),0),"") | O32: =IFERROR(IF(VLOOKUP($C31,INDIRECT(O$5&"!$V$3:$AG$100"),12,0)>0,VLOOKUP($C31,INDIRECT(O$5&"!$V$3:$AG$100"),12,0),0),"") | ... BG32: =IFERROR(IF(VLOOKUP($C31,INDIRECT(BG$5&"!$V$3:$AG$100"),12,0)>0,VLOOKUP($C31,INDIRECT(BG$5&"!$V$3:$AG$100"),12,0),0),"")
D33: =IF(C33="","",C33) | E33: =IF(B33="","",B33) | F33: P | G33: =SUM(H33:BG33) -> 0 | H33: =IFERROR(IF(VLOOKUP($C31,INDIRECT(H$5&"!$V$3:$AG$100"),11,0)>0,VLOOKUP($C31,INDIRECT(H$5&"!$V$3:$AG$100"),11,0),0),"") | I33: =IFERROR(IF(VLOOKUP($C31,INDIRECT(I$5&"!$V$3:$AG$100"),11,0)>0,VLOOKUP($C31,INDIRECT(I$5&"!$V$3:$AG$100"),11,0),0),"") | J33: =IFERROR(IF(VLOOKUP($C31,INDIRECT(J$5&"!$V$3:$AG$100"),11,0)>0,VLOOKUP($C31,INDIRECT(J$5&"!$V$3:$AG$100"),11,0),0),"") | K33: =IFERROR(IF(VLOOKUP($C31,INDIRECT(K$5&"!$V$3:$AG$100"),11,0)>0,VLOOKUP($C31,INDIRECT(K$5&"!$V$3:$AG$100"),11,0),0),"") | L33: =IFERROR(IF(VLOOKUP($C31,INDIRECT(L$5&"!$V$3:$AG$100"),11,0)>0,VLOOKUP($C31,INDIRECT(L$5&"!$V$3:$AG$100"),11,0),0),"") | M33: =IFERROR(IF(VLOOKUP($C31,INDIRECT(M$5&"!$V$3:$AG$100"),11,0)>0,VLOOKUP($C31,INDIRECT(M$5&"!$V$3:$AG$100"),11,0),0),"") | N33: =IFERROR(IF(VLOOKUP($C31,INDIRECT(N$5&"!$V$3:$AG$100"),11,0)>0,VLOOKUP($C31,INDIRECT(N$5&"!$V$3:$AG$100"),11,0),0),"") | O33: =IFERROR(IF(VLOOKUP($C31,INDIRECT(O$5&"!$V$3:$AG$100"),11,0)>0,VLOOKUP($C31,INDIRECT(O$5&"!$V$3:$AG$100"),11,0),0),"") | ... BG33: =IFERROR(IF(VLOOKUP($C31,INDIRECT(BG$5&"!$V$3:$AG$100"),11,0)>0,VLOOKUP($C31,INDIRECT(BG$5&"!$V$3:$AG$100"),11,0),0),"")
B34: Z | D34: =IF(C34="","",C34) | E34: =IF(B34="","",B34) -> Z | F34: A | G34: =SUM(H34:BG34) -> 0 | H34: =IFERROR(IF(VLOOKUP($C34,INDIRECT(H$5&"!$V$3:$AG$100"),2,0)>0,1,0),"") | I34: =IFERROR(IF(VLOOKUP($C34,INDIRECT(I$5&"!$V$3:$AG$100"),2,0)>0,1,0),"") | J34: =IFERROR(IF(VLOOKUP($C34,INDIRECT(J$5&"!$V$3:$AG$100"),2,0)>0,1,0),"") | K34: =IFERROR(IF(VLOOKUP($C34,INDIRECT(K$5&"!$V$3:$AG$100"),2,0)>0,1,0),"") | L34: =IFERROR(IF(VLOOKUP($C34,INDIRECT(L$5&"!$V$3:$AG$100"),2,0)>0,1,0),"") | M34: =IFERROR(IF(VLOOKUP($C34,INDIRECT(M$5&"!$V$3:$AG$100"),2,0)>0,1,0),"") | N34: =IFERROR(IF(VLOOKUP($C34,INDIRECT(N$5&"!$V$3:$AG$100"),2,0)>0,1,0),"") | O34: =IFERROR(IF(VLOOKUP($C34,INDIRECT(O$5&"!$V$3:$AG$100"),2,0)>0,1,0),"") | ... BG34: =IFERROR(IF(VLOOKUP($C34,INDIRECT(BG$5&"!$V$3:$AG$100"),2,0)>0,1,0),"")
D35: =IF(C35="","",C35) | E35: =IF(B35="","",B35) | F35: G | G35: =SUM(H35:BG35) -> 0 | H35: =IFERROR(IF(VLOOKUP($C34,INDIRECT(H$5&"!$V$3:$AG$100"),12,0)>0,VLOOKUP($C34,INDIRECT(H$5&"!$V$3:$AG$100"),12,0),0),"") | I35: =IFERROR(IF(VLOOKUP($C34,INDIRECT(I$5&"!$V$3:$AG$100"),12,0)>0,VLOOKUP($C34,INDIRECT(I$5&"!$V$3:$AG$100"),12,0),0),"") | J35: =IFERROR(IF(VLOOKUP($C34,INDIRECT(J$5&"!$V$3:$AG$100"),12,0)>0,VLOOKUP($C34,INDIRECT(J$5&"!$V$3:$AG$100"),12,0),0),"") | K35: =IFERROR(IF(VLOOKUP($C34,INDIRECT(K$5&"!$V$3:$AG$100"),12,0)>0,VLOOKUP($C34,INDIRECT(K$5&"!$V$3:$AG$100"),12,0),0),"") | L35: =IFERROR(IF(VLOOKUP($C34,INDIRECT(L$5&"!$V$3:$AG$100"),12,0)>0,VLOOKUP($C34,INDIRECT(L$5&"!$V$3:$AG$100"),12,0),0),"") | M35: =IFERROR(IF(VLOOKUP($C34,INDIRECT(M$5&"!$V$3:$AG$100"),12,0)>0,VLOOKUP($C34,INDIRECT(M$5&"!$V$3:$AG$100"),12,0),0),"") | N35: =IFERROR(IF(VLOOKUP($C34,INDIRECT(N$5&"!$V$3:$AG$100"),12,0)>0,VLOOKUP($C34,INDIRECT(N$5&"!$V$3:$AG$100"),12,0),0),"") | O35: =IFERROR(IF(VLOOKUP($C34,INDIRECT(O$5&"!$V$3:$AG$100"),12,0)>0,VLOOKUP($C34,INDIRECT(O$5&"!$V$3:$AG$100"),12,0),0),"") | ... BG35: =IFERROR(IF(VLOOKUP($C34,INDIRECT(BG$5&"!$V$3:$AG$100"),12,0)>0,VLOOKUP($C34,INDIRECT(BG$5&"!$V$3:$AG$100"),12,0),0),"")
D36: =IF(C36="","",C36) | E36: =IF(B36="","",B36) | F36: P | G36: =SUM(H36:BG36) -> 0 | H36: =IFERROR(IF(VLOOKUP($C34,INDIRECT(H$5&"!$V$3:$AG$100"),11,0)>0,VLOOKUP($C34,INDIRECT(H$5&"!$V$3:$AG$100"),11,0),0),"") | I36: =IFERROR(IF(VLOOKUP($C34,INDIRECT(I$5&"!$V$3:$AG$100"),11,0)>0,VLOOKUP($C34,INDIRECT(I$5&"!$V$3:$AG$100"),11,0),0),"") | J36: =IFERROR(IF(VLOOKUP($C34,INDIRECT(J$5&"!$V$3:$AG$100"),11,0)>0,VLOOKUP($C34,INDIRECT(J$5&"!$V$3:$AG$100"),11,0),0),"") | K36: =IFERROR(IF(VLOOKUP($C34,INDIRECT(K$5&"!$V$3:$AG$100"),11,0)>0,VLOOKUP($C34,INDIRECT(K$5&"!$V$3:$AG$100"),11,0),0),"") | L36: =IFERROR(IF(VLOOKUP($C34,INDIRECT(L$5&"!$V$3:$AG$100"),11,0)>0,VLOOKUP($C34,INDIRECT(L$5&"!$V$3:$AG$100"),11,0),0),"") | M36: =IFERROR(IF(VLOOKUP($C34,INDIRECT(M$5&"!$V$3:$AG$100"),11,0)>0,VLOOKUP($C34,INDIRECT(M$5&"!$V$3:$AG$100"),11,0),0),"") | N36: =IFERROR(IF(VLOOKUP($C34,INDIRECT(N$5&"!$V$3:$AG$100"),11,0)>0,VLOOKUP($C34,INDIRECT(N$5&"!$V$3:$AG$100"),11,0),0),"") | O36: =IFERROR(IF(VLOOKUP($C34,INDIRECT(O$5&"!$V$3:$AG$100"),11,0)>0,VLOOKUP($C34,INDIRECT(O$5&"!$V$3:$AG$100"),11,0),0),"") | ... BG36: =IFERROR(IF(VLOOKUP($C34,INDIRECT(BG$5&"!$V$3:$AG$100"),11,0)>0,VLOOKUP($C34,INDIRECT(BG$5&"!$V$3:$AG$100"),11,0),0),"")
B37: L | D37: =IF(C37="","",C37) | E37: =IF(B37="","",B37) -> L | F37: A | G37: =SUM(H37:BG37) -> 0 | H37: =IFERROR(IF(VLOOKUP($C37,INDIRECT(H$5&"!$V$3:$AG$100"),2,0)>0,1,0),"") | I37: =IFERROR(IF(VLOOKUP($C37,INDIRECT(I$5&"!$V$3:$AG$100"),2,0)>0,1,0),"") | J37: =IFERROR(IF(VLOOKUP($C37,INDIRECT(J$5&"!$V$3:$AG$100"),2,0)>0,1,0),"") | K37: =IFERROR(IF(VLOOKUP($C37,INDIRECT(K$5&"!$V$3:$AG$100"),2,0)>0,1,0),"") | L37: =IFERROR(IF(VLOOKUP($C37,INDIRECT(L$5&"!$V$3:$AG$100"),2,0)>0,1,0),"") | M37: =IFERROR(IF(VLOOKUP($C37,INDIRECT(M$5&"!$V$3:$AG$100"),2,0)>0,1,0),"") | N37: =IFERROR(IF(VLOOKUP($C37,INDIRECT(N$5&"!$V$3:$AG$100"),2,0)>0,1,0),"") | O37: =IFERROR(IF(VLOOKUP($C37,INDIRECT(O$5&"!$V$3:$AG$100"),2,0)>0,1,0),"") | ... BG37: =IFERROR(IF(VLOOKUP($C37,INDIRECT(BG$5&"!$V$3:$AG$100"),2,0)>0,1,0),"")
D38: =IF(C38="","",C38) | E38: =IF(B38="","",B38) | F38: G | G38: =SUM(H38:BG38) -> 0 | H38: =IFERROR(IF(VLOOKUP($C37,INDIRECT(H$5&"!$V$3:$AG$100"),12,0)>0,VLOOKUP($C37,INDIRECT(H$5&"!$V$3:$AG$100"),12,0),0),"") | I38: =IFERROR(IF(VLOOKUP($C37,INDIRECT(I$5&"!$V$3:$AG$100"),12,0)>0,VLOOKUP($C37,INDIRECT(I$5&"!$V$3:$AG$100"),12,0),0),"") | J38: =IFERROR(IF(VLOOKUP($C37,INDIRECT(J$5&"!$V$3:$AG$100"),12,0)>0,VLOOKUP($C37,INDIRECT(J$5&"!$V$3:$AG$100"),12,0),0),"") | K38: =IFERROR(IF(VLOOKUP($C37,INDIRECT(K$5&"!$V$3:$AG$100"),12,0)>0,VLOOKUP($C37,INDIRECT(K$5&"!$V$3:$AG$100"),12,0),0),"") | L38: =IFERROR(IF(VLOOKUP($C37,INDIRECT(L$5&"!$V$3:$AG$100"),12,0)>0,VLOOKUP($C37,INDIRECT(L$5&"!$V$3:$AG$100"),12,0),0),"") | M38: =IFERROR(IF(VLOOKUP($C37,INDIRECT(M$5&"!$V$3:$AG$100"),12,0)>0,VLOOKUP($C37,INDIRECT(M$5&"!$V$3:$AG$100"),12,0),0),"") | N38: =IFERROR(IF(VLOOKUP($C37,INDIRECT(N$5&"!$V$3:$AG$100"),12,0)>0,VLOOKUP($C37,INDIRECT(N$5&"!$V$3:$AG$100"),12,0),0),"") | O38: =IFERROR(IF(VLOOKUP($C37,INDIRECT(O$5&"!$V$3:$AG$100"),12,0)>0,VLOOKUP($C37,INDIRECT(O$5&"!$V$3:$AG$100"),12,0),0),"") | ... BG38: =IFERROR(IF(VLOOKUP($C37,INDIRECT(BG$5&"!$V$3:$AG$100"),12,0)>0,VLOOKUP($C37,INDIRECT(BG$5&"!$V$3:$AG$100"),12,0),0),"")
D39: =IF(C39="","",C39) | E39: =IF(B39="","",B39) | F39: P | G39: =SUM(H39:BG39) -> 0 | H39: =IFERROR(IF(VLOOKUP($C37,INDIRECT(H$5&"!$V$3:$AG$100"),11,0)>0,VLOOKUP($C37,INDIRECT(H$5&"!$V$3:$AG$100"),11,0),0),"") | I39: =IFERROR(IF(VLOOKUP($C37,INDIRECT(I$5&"!$V$3:$AG$100"),11,0)>0,VLOOKUP($C37,INDIRECT(I$5&"!$V$3:$AG$100"),11,0),0),"") | J39: =IFERROR(IF(VLOOKUP($C37,INDIRECT(J$5&"!$V$3:$AG$100"),11,0)>0,VLOOKUP($C37,INDIRECT(J$5&"!$V$3:$AG$100"),11,0),0),"") | K39: =IFERROR(IF(VLOOKUP($C37,INDIRECT(K$5&"!$V$3:$AG$100"),11,0)>0,VLOOKUP($C37,INDIRECT(K$5&"!$V$3:$AG$100"),11,0),0),"") | L39: =IFERROR(IF(VLOOKUP($C37,INDIRECT(L$5&"!$V$3:$AG$100"),11,0)>0,VLOOKUP($C37,INDIRECT(L$5&"!$V$3:$AG$100"),11,0),0),"") | M39: =IFERROR(IF(VLOOKUP($C37,INDIRECT(M$5&"!$V$3:$AG$100"),11,0)>0,VLOOKUP($C37,INDIRECT(M$5&"!$V$3:$AG$100"),11,0),0),"") | N39: =IFERROR(IF(VLOOKUP($C37,INDIRECT(N$5&"!$V$3:$AG$100"),11,0)>0,VLOOKUP($C37,INDIRECT(N$5&"!$V$3:$AG$100"),11,0),0),"") | O39: =IFERROR(IF(VLOOKUP($C37,INDIRECT(O$5&"!$V$3:$AG$100"),11,0)>0,VLOOKUP($C37,INDIRECT(O$5&"!$V$3:$AG$100"),11,0),0),"") | ... BG39: =IFERROR(IF(VLOOKUP($C37,INDIRECT(BG$5&"!$V$3:$AG$100"),11,0)>0,VLOOKUP($C37,INDIRECT(BG$5&"!$V$3:$AG$100"),11,0),0),"")
B40: L | C40: Heraldo Jr | D40: =IF(C40="","",C40) -> Heraldo Jr | E40: =IF(B40="","",B40) -> L | F40: A | G40: =SUM(H40:BG40) -> 23 | H40: =IFERROR(IF(VLOOKUP($C40,INDIRECT(H$5&"!$V$3:$AG$100"),2,0)>0,1,0),"") | I40: =IFERROR(IF(VLOOKUP($C40,INDIRECT(I$5&"!$V$3:$AG$100"),2,0)>0,1,0),"") -> 1 | J40: =IFERROR(IF(VLOOKUP($C40,INDIRECT(J$5&"!$V$3:$AG$100"),2,0)>0,1,0),"") -> 1 | K40: =IFERROR(IF(VLOOKUP($C40,INDIRECT(K$5&"!$V$3:$AG$100"),2,0)>0,1,0),"") | L40: =IFERROR(IF(VLOOKUP($C40,INDIRECT(L$5&"!$V$3:$AG$100"),2,0)>0,1,0),"") | M40: =IFERROR(IF(VLOOKUP($C40,INDIRECT(M$5&"!$V$3:$AG$100"),2,0)>0,1,0),"") | N40: =IFERROR(IF(VLOOKUP($C40,INDIRECT(N$5&"!$V$3:$AG$100"),2,0)>0,1,0),"") -> 1 | O40: =IFERROR(IF(VLOOKUP($C40,INDIRECT(O$5&"!$V$3:$AG$100"),2,0)>0,1,0),"") -> 1 | ... BG40: =IFERROR(IF(VLOOKUP($C40,INDIRECT(BG$5&"!$V$3:$AG$100"),2,0)>0,1,0),"")
D41: =IF(C41="","",C41) | E41: =IF(B41="","",B41) | F41: G | G41: =SUM(H41:BG41) -> 1 | H41: =IFERROR(IF(VLOOKUP($C40,INDIRECT(H$5&"!$V$3:$AG$100"),12,0)>0,VLOOKUP($C40,INDIRECT(H$5&"!$V$3:$AG$100"),12,0),0),"") | I41: =IFERROR(IF(VLOOKUP($C40,INDIRECT(I$5&"!$V$3:$AG$100"),12,0)>0,VLOOKUP($C40,INDIRECT(I$5&"!$V$3:$AG$100"),12,0),0),"") -> 0 | J41: =IFERROR(IF(VLOOKUP($C40,INDIRECT(J$5&"!$V$3:$AG$100"),12,0)>0,VLOOKUP($C40,INDIRECT(J$5&"!$V$3:$AG$100"),12,0),0),"") -> 0 | K41: =IFERROR(IF(VLOOKUP($C40,INDIRECT(K$5&"!$V$3:$AG$100"),12,0)>0,VLOOKUP($C40,INDIRECT(K$5&"!$V$3:$AG$100"),12,0),0),"") | L41: =IFERROR(IF(VLOOKUP($C40,INDIRECT(L$5&"!$V$3:$AG$100"),12,0)>0,VLOOKUP($C40,INDIRECT(L$5&"!$V$3:$AG$100"),12,0),0),"") | M41: =IFERROR(IF(VLOOKUP($C40,INDIRECT(M$5&"!$V$3:$AG$100"),12,0)>0,VLOOKUP($C40,INDIRECT(M$5&"!$V$3:$AG$100"),12,0),0),"") | N41: =IFERROR(IF(VLOOKUP($C40,INDIRECT(N$5&"!$V$3:$AG$100"),12,0)>0,VLOOKUP($C40,INDIRECT(N$5&"!$V$3:$AG$100"),12,0),0),"") -> 0 | O41: =IFERROR(IF(VLOOKUP($C40,INDIRECT(O$5&"!$V$3:$AG$100"),12,0)>0,VLOOKUP($C40,INDIRECT(O$5&"!$V$3:$AG$100"),12,0),0),"") -> 0 | ... BG41: =IFERROR(IF(VLOOKUP($C40,INDIRECT(BG$5&"!$V$3:$AG$100"),12,0)>0,VLOOKUP($C40,INDIRECT(BG$5&"!$V$3:$AG$100"),12,0),0),"")
D42: =IF(C42="","",C42) | E42: =IF(B42="","",B42) | F42: P | G42: =SUM(H42:BG42) -> 199 | H42: =IFERROR(IF(VLOOKUP($C40,INDIRECT(H$5&"!$V$3:$AG$100"),11,0)>0,VLOOKUP($C40,INDIRECT(H$5&"!$V$3:$AG$100"),11,0),0),"") | I42: =IFERROR(IF(VLOOKUP($C40,INDIRECT(I$5&"!$V$3:$AG$100"),11,0)>0,VLOOKUP($C40,INDIRECT(I$5&"!$V$3:$AG$100"),11,0),0),"") -> 14 | J42: =IFERROR(IF(VLOOKUP($C40,INDIRECT(J$5&"!$V$3:$AG$100"),11,0)>0,VLOOKUP($C40,INDIRECT(J$5&"!$V$3:$AG$100"),11,0),0),"") -> 14 | K42: =IFERROR(IF(VLOOKUP($C40,INDIRECT(K$5&"!$V$3:$AG$100"),11,0)>0,VLOOKUP($C40,INDIRECT(K$5&"!$V$3:$AG$100"),11,0),0),"") | L42: =IFERROR(IF(VLOOKUP($C40,INDIRECT(L$5&"!$V$3:$AG$100"),11,0)>0,VLOOKUP($C40,INDIRECT(L$5&"!$V$3:$AG$100"),11,0),0),"") | M42: =IFERROR(IF(VLOOKUP($C40,INDIRECT(M$5&"!$V$3:$AG$100"),11,0)>0,VLOOKUP($C40,INDIRECT(M$5&"!$V$3:$AG$100"),11,0),0),"") | N42: =IFERROR(IF(VLOOKUP($C40,INDIRECT(N$5&"!$V$3:$AG$100"),11,0)>0,VLOOKUP($C40,INDIRECT(N$5&"!$V$3:$AG$100"),11,0),0),"") -> 13 | O42: =IFERROR(IF(VLOOKUP($C40,INDIRECT(O$5&"!$V$3:$AG$100"),11,0)>0,VLOOKUP($C40,INDIRECT(O$5&"!$V$3:$AG$100"),11,0),0),"") -> 2 | ... BG42: =IFERROR(IF(VLOOKUP($C40,INDIRECT(BG$5&"!$V$3:$AG$100"),11,0)>0,VLOOKUP($C40,INDIRECT(BG$5&"!$V$3:$AG$100"),11,0),0),"")
B43: L | C43: Joao | D43: =IF(C43="","",C43) -> Joao | E43: =IF(B43="","",B43) -> L | F43: A | G43: =SUM(H43:BG43) -> 13 | H43: =IFERROR(IF(VLOOKUP($C43,INDIRECT(H$5&"!$V$3:$AG$100"),2,0)>0,1,0),"") | I43: =IFERROR(IF(VLOOKUP($C43,INDIRECT(I$5&"!$V$3:$AG$100"),2,0)>0,1,0),"") -> 1 | J43: =IFERROR(IF(VLOOKUP($C43,INDIRECT(J$5&"!$V$3:$AG$100"),2,0)>0,1,0),"") | K43: =IFERROR(IF(VLOOKUP($C43,INDIRECT(K$5&"!$V$3:$AG$100"),2,0)>0,1,0),"") | L43: =IFERROR(IF(VLOOKUP($C43,INDIRECT(L$5&"!$V$3:$AG$100"),2,0)>0,1,0),"") | M43: =IFERROR(IF(VLOOKUP($C43,INDIRECT(M$5&"!$V$3:$AG$100"),2,0)>0,1,0),"") | N43: =IFERROR(IF(VLOOKUP($C43,INDIRECT(N$5&"!$V$3:$AG$100"),2,0)>0,1,0),"") | O43: =IFERROR(IF(VLOOKUP($C43,INDIRECT(O$5&"!$V$3:$AG$100"),2,0)>0,1,0),"") -> 1 | ... BG43: =IFERROR(IF(VLOOKUP($C43,INDIRECT(BG$5&"!$V$3:$AG$100"),2,0)>0,1,0),"")
D44: =IF(C44="","",C44) | E44: =IF(B44="","",B44) | F44: G | G44: =SUM(H44:BG44) -> 3 | H44: =IFERROR(IF(VLOOKUP($C43,INDIRECT(H$5&"!$V$3:$AG$100"),12,0)>0,VLOOKUP($C43,INDIRECT(H$5&"!$V$3:$AG$100"),12,0),0),"") | I44: =IFERROR(IF(VLOOKUP($C43,INDIRECT(I$5&"!$V$3:$AG$100"),12,0)>0,VLOOKUP($C43,INDIRECT(I$5&"!$V$3:$AG$100"),12,0),0),"") -> 0 | J44: =IFERROR(IF(VLOOKUP($C43,INDIRECT(J$5&"!$V$3:$AG$100"),12,0)>0,VLOOKUP($C43,INDIRECT(J$5&"!$V$3:$AG$100"),12,0),0),"") | K44: =IFERROR(IF(VLOOKUP($C43,INDIRECT(K$5&"!$V$3:$AG$100"),12,0)>0,VLOOKUP($C43,INDIRECT(K$5&"!$V$3:$AG$100"),12,0),0),"") | L44: =IFERROR(IF(VLOOKUP($C43,INDIRECT(L$5&"!$V$3:$AG$100"),12,0)>0,VLOOKUP($C43,INDIRECT(L$5&"!$V$3:$AG$100"),12,0),0),"") | M44: =IFERROR(IF(VLOOKUP($C43,INDIRECT(M$5&"!$V$3:$AG$100"),12,0)>0,VLOOKUP($C43,INDIRECT(M$5&"!$V$3:$AG$100"),12,0),0),"") | N44: =IFERROR(IF(VLOOKUP($C43,INDIRECT(N$5&"!$V$3:$AG$100"),12,0)>0,VLOOKUP($C43,INDIRECT(N$5&"!$V$3:$AG$100"),12,0),0),"") | O44: =IFERROR(IF(VLOOKUP($C43,INDIRECT(O$5&"!$V$3:$AG$100"),12,0)>0,VLOOKUP($C43,INDIRECT(O$5&"!$V$3:$AG$100"),12,0),0),"") -> 0 | ... BG44: =IFERROR(IF(VLOOKUP($C43,INDIRECT(BG$5&"!$V$3:$AG$100"),12,0)>0,VLOOKUP($C43,INDIRECT(BG$5&"!$V$3:$AG$100"),12,0),0),"")
D45: =IF(C45="","",C45) | E45: =IF(B45="","",B45) | F45: P | G45: =SUM(H45:BG45) -> 78 | H45: =IFERROR(IF(VLOOKUP($C43,INDIRECT(H$5&"!$V$3:$AG$100"),11,0)>0,VLOOKUP($C43,INDIRECT(H$5&"!$V$3:$AG$100"),11,0),0),"") | I45: =IFERROR(IF(VLOOKUP($C43,INDIRECT(I$5&"!$V$3:$AG$100"),11,0)>0,VLOOKUP($C43,INDIRECT(I$5&"!$V$3:$AG$100"),11,0),0),"") -> 14 | J45: =IFERROR(IF(VLOOKUP($C43,INDIRECT(J$5&"!$V$3:$AG$100"),11,0)>0,VLOOKUP($C43,INDIRECT(J$5&"!$V$3:$AG$100"),11,0),0),"") | K45: =IFERROR(IF(VLOOKUP($C43,INDIRECT(K$5&"!$V$3:$AG$100"),11,0)>0,VLOOKUP($C43,INDIRECT(K$5&"!$V$3:$AG$100"),11,0),0),"") | L45: =IFERROR(IF(VLOOKUP($C43,INDIRECT(L$5&"!$V$3:$AG$100"),11,0)>0,VLOOKUP($C43,INDIRECT(L$5&"!$V$3:$AG$100"),11,0),0),"") | M45: =IFERROR(IF(VLOOKUP($C43,INDIRECT(M$5&"!$V$3:$AG$100"),11,0)>0,VLOOKUP($C43,INDIRECT(M$5&"!$V$3:$AG$100"),11,0),0),"") | N45: =IFERROR(IF(VLOOKUP($C43,INDIRECT(N$5&"!$V$3:$AG$100"),11,0)>0,VLOOKUP($C43,INDIRECT(N$5&"!$V$3:$AG$100"),11,0),0),"") | O45: =IFERROR(IF(VLOOKUP($C43,INDIRECT(O$5&"!$V$3:$AG$100"),11,0)>0,VLOOKUP($C43,INDIRECT(O$5&"!$V$3:$AG$100"),11,0),0),"") -> 5 | ... BG45: =IFERROR(IF(VLOOKUP($C43,INDIRECT(BG$5&"!$V$3:$AG$100"),11,0)>0,VLOOKUP($C43,INDIRECT(BG$5&"!$V$3:$AG$100"),11,0),0),"")
B46: L | C46: Leandro | D46: =IF(C46="","",C46) -> Leandro | E46: =IF(B46="","",B46) -> L | F46: A | G46: =SUM(H46:BG46) -> 18 | H46: =IFERROR(IF(VLOOKUP($C46,INDIRECT(H$5&"!$V$3:$AG$100"),2,0)>0,1,0),"") | I46: =IFERROR(IF(VLOOKUP($C46,INDIRECT(I$5&"!$V$3:$AG$100"),2,0)>0,1,0),"") | J46: =IFERROR(IF(VLOOKUP($C46,INDIRECT(J$5&"!$V$3:$AG$100"),2,0)>0,1,0),"") | K46: =IFERROR(IF(VLOOKUP($C46,INDIRECT(K$5&"!$V$3:$AG$100"),2,0)>0,1,0),"") | L46: =IFERROR(IF(VLOOKUP($C46,INDIRECT(L$5&"!$V$3:$AG$100"),2,0)>0,1,0),"") | M46: =IFERROR(IF(VLOOKUP($C46,INDIRECT(M$5&"!$V$3:$AG$100"),2,0)>0,1,0),"") | N46: =IFERROR(IF(VLOOKUP($C46,INDIRECT(N$5&"!$V$3:$AG$100"),2,0)>0,1,0),"") -> 1 | O46: =IFERROR(IF(VLOOKUP($C46,INDIRECT(O$5&"!$V$3:$AG$100"),2,0)>0,1,0),"") -> 1 | ... BG46: =IFERROR(IF(VLOOKUP($C46,INDIRECT(BG$5&"!$V$3:$AG$100"),2,0)>0,1,0),"")
D47: =IF(C47="","",C47) | E47: =IF(B47="","",B47) | F47: G | G47: =SUM(H47:BG47) -> 2 | H47: =IFERROR(IF(VLOOKUP($C46,INDIRECT(H$5&"!$V$3:$AG$100"),12,0)>0,VLOOKUP($C46,INDIRECT(H$5&"!$V$3:$AG$100"),12,0),0),"") | I47: =IFERROR(IF(VLOOKUP($C46,INDIRECT(I$5&"!$V$3:$AG$100"),12,0)>0,VLOOKUP($C46,INDIRECT(I$5&"!$V$3:$AG$100"),12,0),0),"") | J47: =IFERROR(IF(VLOOKUP($C46,INDIRECT(J$5&"!$V$3:$AG$100"),12,0)>0,VLOOKUP($C46,INDIRECT(J$5&"!$V$3:$AG$100"),12,0),0),"") | K47: =IFERROR(IF(VLOOKUP($C46,INDIRECT(K$5&"!$V$3:$AG$100"),12,0)>0,VLOOKUP($C46,INDIRECT(K$5&"!$V$3:$AG$100"),12,0),0),"") | L47: =IFERROR(IF(VLOOKUP($C46,INDIRECT(L$5&"!$V$3:$AG$100"),12,0)>0,VLOOKUP($C46,INDIRECT(L$5&"!$V$3:$AG$100"),12,0),0),"") | M47: =IFERROR(IF(VLOOKUP($C46,INDIRECT(M$5&"!$V$3:$AG$100"),12,0)>0,VLOOKUP($C46,INDIRECT(M$5&"!$V$3:$AG$100"),12,0),0),"") | N47: =IFERROR(IF(VLOOKUP($C46,INDIRECT(N$5&"!$V$3:$AG$100"),12,0)>0,VLOOKUP($C46,INDIRECT(N$5&"!$V$3:$AG$100"),12,0),0),"") -> 0 | O47: =IFERROR(IF(VLOOKUP($C46,INDIRECT(O$5&"!$V$3:$AG$100"),12,0)>0,VLOOKUP($C46,INDIRECT(O$5&"!$V$3:$AG$100"),12,0),0),"") -> 0 | ... BG47: =IFERROR(IF(VLOOKUP($C46,INDIRECT(BG$5&"!$V$3:$AG$100"),12,0)>0,VLOOKUP($C46,INDIRECT(BG$5&"!$V$3:$AG$100"),12,0),0),"")
D48: =IF(C48="","",C48) | E48: =IF(B48="","",B48) | F48: P | G48: =SUM(H48:BG48) -> 110 | H48: =IFERROR(IF(VLOOKUP($C46,INDIRECT(H$5&"!$V$3:$AG$100"),11,0)>0,VLOOKUP($C46,INDIRECT(H$5&"!$V$3:$AG$100"),11,0),0),"") | I48: =IFERROR(IF(VLOOKUP($C46,INDIRECT(I$5&"!$V$3:$AG$100"),11,0)>0,VLOOKUP($C46,INDIRECT(I$5&"!$V$3:$AG$100"),11,0),0),"") | J48: =IFERROR(IF(VLOOKUP($C46,INDIRECT(J$5&"!$V$3:$AG$100"),11,0)>0,VLOOKUP($C46,INDIRECT(J$5&"!$V$3:$AG$100"),11,0),0),"") | K48: =IFERROR(IF(VLOOKUP($C46,INDIRECT(K$5&"!$V$3:$AG$100"),11,0)>0,VLOOKUP($C46,INDIRECT(K$5&"!$V$3:$AG$100"),11,0),0),"") | L48: =IFERROR(IF(VLOOKUP($C46,INDIRECT(L$5&"!$V$3:$AG$100"),11,0)>0,VLOOKUP($C46,INDIRECT(L$5&"!$V$3:$AG$100"),11,0),0),"") | M48: =IFERROR(IF(VLOOKUP($C46,INDIRECT(M$5&"!$V$3:$AG$100"),11,0)>0,VLOOKUP($C46,INDIRECT(M$5&"!$V$3:$AG$100"),11,0),0),"") | N48: =IFERROR(IF(VLOOKUP($C46,INDIRECT(N$5&"!$V$3:$AG$100"),11,0)>0,VLOOKUP($C46,INDIRECT(N$5&"!$V$3:$AG$100"),11,0),0),"") -> 0 | O48: =IFERROR(IF(VLOOKUP($C46,INDIRECT(O$5&"!$V$3:$AG$100"),11,0)>0,VLOOKUP($C46,INDIRECT(O$5&"!$V$3:$AG$100"),11,0),0),"") -> 1 | ... BG48: =IFERROR(IF(VLOOKUP($C46,INDIRECT(BG$5&"!$V$3:$AG$100"),11,0)>0,VLOOKUP($C46,INDIRECT(BG$5&"!$V$3:$AG$100"),11,0),0),"")
B49: L | C49: Leo | D49: =IF(C49="","",C49) -> Leo | E49: =IF(B49="","",B49) -> L | F49: A | G49: =SUM(H49:BG49) -> 20 | H49: =IFERROR(IF(VLOOKUP($C49,INDIRECT(H$5&"!$V$3:$AG$100"),2,0)>0,1,0),"") | I49: =IFERROR(IF(VLOOKUP($C49,INDIRECT(I$5&"!$V$3:$AG$100"),2,0)>0,1,0),"") -> 1 | J49: =IFERROR(IF(VLOOKUP($C49,INDIRECT(J$5&"!$V$3:$AG$100"),2,0)>0,1,0),"") -> 1 | K49: =IFERROR(IF(VLOOKUP($C49,INDIRECT(K$5&"!$V$3:$AG$100"),2,0)>0,1,0),"") | L49: =IFERROR(IF(VLOOKUP($C49,INDIRECT(L$5&"!$V$3:$AG$100"),2,0)>0,1,0),"") | M49: =IFERROR(IF(VLOOKUP($C49,INDIRECT(M$5&"!$V$3:$AG$100"),2,0)>0,1,0),"") | N49: =IFERROR(IF(VLOOKUP($C49,INDIRECT(N$5&"!$V$3:$AG$100"),2,0)>0,1,0),"") -> 1 | O49: =IFERROR(IF(VLOOKUP($C49,INDIRECT(O$5&"!$V$3:$AG$100"),2,0)>0,1,0),"") -> 1 | ... BG49: =IFERROR(IF(VLOOKUP($C49,INDIRECT(BG$5&"!$V$3:$AG$100"),2,0)>0,1,0),"")
D50: =IF(C50="","",C50) | E50: =IF(B50="","",B50) | F50: G | G50: =SUM(H50:BG50) -> 7 | H50: =IFERROR(IF(VLOOKUP($C49,INDIRECT(H$5&"!$V$3:$AG$100"),12,0)>0,VLOOKUP($C49,INDIRECT(H$5&"!$V$3:$AG$100"),12,0),0),"") | I50: =IFERROR(IF(VLOOKUP($C49,INDIRECT(I$5&"!$V$3:$AG$100"),12,0)>0,VLOOKUP($C49,INDIRECT(I$5&"!$V$3:$AG$100"),12,0),0),"") -> 0 | J50: =IFERROR(IF(VLOOKUP($C49,INDIRECT(J$5&"!$V$3:$AG$100"),12,0)>0,VLOOKUP($C49,INDIRECT(J$5&"!$V$3:$AG$100"),12,0),0),"") -> 0 | K50: =IFERROR(IF(VLOOKUP($C49,INDIRECT(K$5&"!$V$3:$AG$100"),12,0)>0,VLOOKUP($C49,INDIRECT(K$5&"!$V$3:$AG$100"),12,0),0),"") | L50: =IFERROR(IF(VLOOKUP($C49,INDIRECT(L$5&"!$V$3:$AG$100"),12,0)>0,VLOOKUP($C49,INDIRECT(L$5&"!$V$3:$AG$100"),12,0),0),"") | M50: =IFERROR(IF(VLOOKUP($C49,INDIRECT(M$5&"!$V$3:$AG$100"),12,0)>0,VLOOKUP($C49,INDIRECT(M$5&"!$V$3:$AG$100"),12,0),0),"") | N50: =IFERROR(IF(VLOOKUP($C49,INDIRECT(N$5&"!$V$3:$AG$100"),12,0)>0,VLOOKUP($C49,INDIRECT(N$5&"!$V$3:$AG$100"),12,0),0),"") -> 0 | O50: =IFERROR(IF(VLOOKUP($C49,INDIRECT(O$5&"!$V$3:$AG$100"),12,0)>0,VLOOKUP($C49,INDIRECT(O$5&"!$V$3:$AG$100"),12,0),0),"") -> 0 | ... BG50: =IFERROR(IF(VLOOKUP($C49,INDIRECT(BG$5&"!$V$3:$AG$100"),12,0)>0,VLOOKUP($C49,INDIRECT(BG$5&"!$V$3:$AG$100"),12,0),0),"")
D51: =IF(C51="","",C51) | E51: =IF(B51="","",B51) | F51: P | G51: =SUM(H51:BG51) -> 156 | H51: =IFERROR(IF(VLOOKUP($C49,INDIRECT(H$5&"!$V$3:$AG$100"),11,0)>0,VLOOKUP($C49,INDIRECT(H$5&"!$V$3:$AG$100"),11,0),0),"") | I51: =IFERROR(IF(VLOOKUP($C49,INDIRECT(I$5&"!$V$3:$AG$100"),11,0)>0,VLOOKUP($C49,INDIRECT(I$5&"!$V$3:$AG$100"),11,0),0),"") -> 0 | J51: =IFERROR(IF(VLOOKUP($C49,INDIRECT(J$5&"!$V$3:$AG$100"),11,0)>0,VLOOKUP($C49,INDIRECT(J$5&"!$V$3:$AG$100"),11,0),0),"") -> 9 | K51: =IFERROR(IF(VLOOKUP($C49,INDIRECT(K$5&"!$V$3:$AG$100"),11,0)>0,VLOOKUP($C49,INDIRECT(K$5&"!$V$3:$AG$100"),11,0),0),"") | L51: =IFERROR(IF(VLOOKUP($C49,INDIRECT(L$5&"!$V$3:$AG$100"),11,0)>0,VLOOKUP($C49,INDIRECT(L$5&"!$V$3:$AG$100"),11,0),0),"") | M51: =IFERROR(IF(VLOOKUP($C49,INDIRECT(M$5&"!$V$3:$AG$100"),11,0)>0,VLOOKUP($C49,INDIRECT(M$5&"!$V$3:$AG$100"),11,0),0),"") | N51: =IFERROR(IF(VLOOKUP($C49,INDIRECT(N$5&"!$V$3:$AG$100"),11,0)>0,VLOOKUP($C49,INDIRECT(N$5&"!$V$3:$AG$100"),11,0),0),"") -> 6 | O51: =IFERROR(IF(VLOOKUP($C49,INDIRECT(O$5&"!$V$3:$AG$100"),11,0)>0,VLOOKUP($C49,INDIRECT(O$5&"!$V$3:$AG$100"),11,0),0),"") -> 12 | ... BG51: =IFERROR(IF(VLOOKUP($C49,INDIRECT(BG$5&"!$V$3:$AG$100"),11,0)>0,VLOOKUP($C49,INDIRECT(BG$5&"!$V$3:$AG$100"),11,0),0),"")
B52: L | C52: Luiz Fernando | D52: =IF(C52="","",C52) -> Luiz Fernando | E52: =IF(B52="","",B52) -> L | F52: A | G52: =SUM(H52:BG52) -> 29 | H52: =IFERROR(IF(VLOOKUP($C52,INDIRECT(H$5&"!$V$3:$AG$100"),2,0)>0,1,0),"") | I52: =IFERROR(IF(VLOOKUP($C52,INDIRECT(I$5&"!$V$3:$AG$100"),2,0)>0,1,0),"") -> 1 | J52: =IFERROR(IF(VLOOKUP($C52,INDIRECT(J$5&"!$V$3:$AG$100"),2,0)>0,1,0),"") -> 1 | K52: =IFERROR(IF(VLOOKUP($C52,INDIRECT(K$5&"!$V$3:$AG$100"),2,0)>0,1,0),"") -> 1 | L52: =IFERROR(IF(VLOOKUP($C52,INDIRECT(L$5&"!$V$3:$AG$100"),2,0)>0,1,0),"") | M52: =IFERROR(IF(VLOOKUP($C52,INDIRECT(M$5&"!$V$3:$AG$100"),2,0)>0,1,0),"") | N52: =IFERROR(IF(VLOOKUP($C52,INDIRECT(N$5&"!$V$3:$AG$100"),2,0)>0,1,0),"") | O52: =IFERROR(IF(VLOOKUP($C52,INDIRECT(O$5&"!$V$3:$AG$100"),2,0)>0,1,0),"") -> 1 | ... BG52: =IFERROR(IF(VLOOKUP($C52,INDIRECT(BG$5&"!$V$3:$AG$100"),2,0)>0,1,0),"")
D53: =IF(C53="","",C53) | E53: =IF(B53="","",B53) | F53: G | G53: =SUM(H53:BG53) -> 3 | H53: =IFERROR(IF(VLOOKUP($C52,INDIRECT(H$5&"!$V$3:$AG$100"),12,0)>0,VLOOKUP($C52,INDIRECT(H$5&"!$V$3:$AG$100"),12,0),0),"") | I53: =IFERROR(IF(VLOOKUP($C52,INDIRECT(I$5&"!$V$3:$AG$100"),12,0)>0,VLOOKUP($C52,INDIRECT(I$5&"!$V$3:$AG$100"),12,0),0),"") -> 0 | J53: =IFERROR(IF(VLOOKUP($C52,INDIRECT(J$5&"!$V$3:$AG$100"),12,0)>0,VLOOKUP($C52,INDIRECT(J$5&"!$V$3:$AG$100"),12,0),0),"") -> 0 | K53: =IFERROR(IF(VLOOKUP($C52,INDIRECT(K$5&"!$V$3:$AG$100"),12,0)>0,VLOOKUP($C52,INDIRECT(K$5&"!$V$3:$AG$100"),12,0),0),"") -> 0 | L53: =IFERROR(IF(VLOOKUP($C52,INDIRECT(L$5&"!$V$3:$AG$100"),12,0)>0,VLOOKUP($C52,INDIRECT(L$5&"!$V$3:$AG$100"),12,0),0),"") | M53: =IFERROR(IF(VLOOKUP($C52,INDIRECT(M$5&"!$V$3:$AG$100"),12,0)>0,VLOOKUP($C52,INDIRECT(M$5&"!$V$3:$AG$100"),12,0),0),"") | N53: =IFERROR(IF(VLOOKUP($C52,INDIRECT(N$5&"!$V$3:$AG$100"),12,0)>0,VLOOKUP($C52,INDIRECT(N$5&"!$V$3:$AG$100"),12,0),0),"") | O53: =IFERROR(IF(VLOOKUP($C52,INDIRECT(O$5&"!$V$3:$AG$100"),12,0)>0,VLOOKUP($C52,INDIRECT(O$5&"!$V$3:$AG$100"),12,0),0),"") -> 0 | ... BG53: =IFERROR(IF(VLOOKUP($C52,INDIRECT(BG$5&"!$V$3:$AG$100"),12,0)>0,VLOOKUP($C52,INDIRECT(BG$5&"!$V$3:$AG$100"),12,0),0),"")
D54: =IF(C54="","",C54) | E54: =IF(B54="","",B54) | F54: P | G54: =SUM(H54:BG54) -> 200 | H54: =IFERROR(IF(VLOOKUP($C52,INDIRECT(H$5&"!$V$3:$AG$100"),11,0)>0,VLOOKUP($C52,INDIRECT(H$5&"!$V$3:$AG$100"),11,0),0),"") | I54: =IFERROR(IF(VLOOKUP($C52,INDIRECT(I$5&"!$V$3:$AG$100"),11,0)>0,VLOOKUP($C52,INDIRECT(I$5&"!$V$3:$AG$100"),11,0),0),"") -> 0 | J54: =IFERROR(IF(VLOOKUP($C52,INDIRECT(J$5&"!$V$3:$AG$100"),11,0)>0,VLOOKUP($C52,INDIRECT(J$5&"!$V$3:$AG$100"),11,0),0),"") -> 1 | K54: =IFERROR(IF(VLOOKUP($C52,INDIRECT(K$5&"!$V$3:$AG$100"),11,0)>0,VLOOKUP($C52,INDIRECT(K$5&"!$V$3:$AG$100"),11,0),0),"") -> 3 | L54: =IFERROR(IF(VLOOKUP($C52,INDIRECT(L$5&"!$V$3:$AG$100"),11,0)>0,VLOOKUP($C52,INDIRECT(L$5&"!$V$3:$AG$100"),11,0),0),"") | M54: =IFERROR(IF(VLOOKUP($C52,INDIRECT(M$5&"!$V$3:$AG$100"),11,0)>0,VLOOKUP($C52,INDIRECT(M$5&"!$V$3:$AG$100"),11,0),0),"") | N54: =IFERROR(IF(VLOOKUP($C52,INDIRECT(N$5&"!$V$3:$AG$100"),11,0)>0,VLOOKUP($C52,INDIRECT(N$5&"!$V$3:$AG$100"),11,0),0),"") | O54: =IFERROR(IF(VLOOKUP($C52,INDIRECT(O$5&"!$V$3:$AG$100"),11,0)>0,VLOOKUP($C52,INDIRECT(O$5&"!$V$3:$AG$100"),11,0),0),"") -> 5 | ... BG54: =IFERROR(IF(VLOOKUP($C52,INDIRECT(BG$5&"!$V$3:$AG$100"),11,0)>0,VLOOKUP($C52,INDIRECT(BG$5&"!$V$3:$AG$100"),11,0),0),"")
B55: L | C55: Luiz | D55: =IF(C55="","",C55) -> Luiz | E55: =IF(B55="","",B55) -> L | F55: A | G55: =SUM(H55:BG55) -> 29 | H55: =IFERROR(IF(VLOOKUP($C55,INDIRECT(H$5&"!$V$3:$AG$100"),2,0)>0,1,0),"") | I55: =IFERROR(IF(VLOOKUP($C55,INDIRECT(I$5&"!$V$3:$AG$100"),2,0)>0,1,0),"") -> 1 | J55: =IFERROR(IF(VLOOKUP($C55,INDIRECT(J$5&"!$V$3:$AG$100"),2,0)>0,1,0),"") -> 1 | K55: =IFERROR(IF(VLOOKUP($C55,INDIRECT(K$5&"!$V$3:$AG$100"),2,0)>0,1,0),"") | L55: =IFERROR(IF(VLOOKUP($C55,INDIRECT(L$5&"!$V$3:$AG$100"),2,0)>0,1,0),"") | M55: =IFERROR(IF(VLOOKUP($C55,INDIRECT(M$5&"!$V$3:$AG$100"),2,0)>0,1,0),"") | N55: =IFERROR(IF(VLOOKUP($C55,INDIRECT(N$5&"!$V$3:$AG$100"),2,0)>0,1,0),"") -> 1 | O55: =IFERROR(IF(VLOOKUP($C55,INDIRECT(O$5&"!$V$3:$AG$100"),2,0)>0,1,0),"") -> 1 | ... BG55: =IFERROR(IF(VLOOKUP($C55,INDIRECT(BG$5&"!$V$3:$AG$100"),2,0)>0,1,0),"")
D56: =IF(C56="","",C56) | E56: =IF(B56="","",B56) | F56: G | G56: =SUM(H56:BG56) -> 16 | H56: =IFERROR(IF(VLOOKUP($C55,INDIRECT(H$5&"!$V$3:$AG$100"),12,0)>0,VLOOKUP($C55,INDIRECT(H$5&"!$V$3:$AG$100"),12,0),0),"") | I56: =IFERROR(IF(VLOOKUP($C55,INDIRECT(I$5&"!$V$3:$AG$100"),12,0)>0,VLOOKUP($C55,INDIRECT(I$5&"!$V$3:$AG$100"),12,0),0),"") -> 0 | J56: =IFERROR(IF(VLOOKUP($C55,INDIRECT(J$5&"!$V$3:$AG$100"),12,0)>0,VLOOKUP($C55,INDIRECT(J$5&"!$V$3:$AG$100"),12,0),0),"") -> 0 | K56: =IFERROR(IF(VLOOKUP($C55,INDIRECT(K$5&"!$V$3:$AG$100"),12,0)>0,VLOOKUP($C55,INDIRECT(K$5&"!$V$3:$AG$100"),12,0),0),"") | L56: =IFERROR(IF(VLOOKUP($C55,INDIRECT(L$5&"!$V$3:$AG$100"),12,0)>0,VLOOKUP($C55,INDIRECT(L$5&"!$V$3:$AG$100"),12,0),0),"") | M56: =IFERROR(IF(VLOOKUP($C55,INDIRECT(M$5&"!$V$3:$AG$100"),12,0)>0,VLOOKUP($C55,INDIRECT(M$5&"!$V$3:$AG$100"),12,0),0),"") | N56: =IFERROR(IF(VLOOKUP($C55,INDIRECT(N$5&"!$V$3:$AG$100"),12,0)>0,VLOOKUP($C55,INDIRECT(N$5&"!$V$3:$AG$100"),12,0),0),"") -> 1 | O56: =IFERROR(IF(VLOOKUP($C55,INDIRECT(O$5&"!$V$3:$AG$100"),12,0)>0,VLOOKUP($C55,INDIRECT(O$5&"!$V$3:$AG$100"),12,0),0),"") -> 0 | ... BG56: =IFERROR(IF(VLOOKUP($C55,INDIRECT(BG$5&"!$V$3:$AG$100"),12,0)>0,VLOOKUP($C55,INDIRECT(BG$5&"!$V$3:$AG$100"),12,0),0),"")
D57: =IF(C57="","",C57) | E57: =IF(B57="","",B57) | F57: P | G57: =SUM(H57:BG57) -> 189 | H57: =IFERROR(IF(VLOOKUP($C55,INDIRECT(H$5&"!$V$3:$AG$100"),11,0)>0,VLOOKUP($C55,INDIRECT(H$5&"!$V$3:$AG$100"),11,0),0),"") | I57: =IFERROR(IF(VLOOKUP($C55,INDIRECT(I$5&"!$V$3:$AG$100"),11,0)>0,VLOOKUP($C55,INDIRECT(I$5&"!$V$3:$AG$100"),11,0),0),"") -> 0 | J57: =IFERROR(IF(VLOOKUP($C55,INDIRECT(J$5&"!$V$3:$AG$100"),11,0)>0,VLOOKUP($C55,INDIRECT(J$5&"!$V$3:$AG$100"),11,0),0),"") -> 1 | K57: =IFERROR(IF(VLOOKUP($C55,INDIRECT(K$5&"!$V$3:$AG$100"),11,0)>0,VLOOKUP($C55,INDIRECT(K$5&"!$V$3:$AG$100"),11,0),0),"") | L57: =IFERROR(IF(VLOOKUP($C55,INDIRECT(L$5&"!$V$3:$AG$100"),11,0)>0,VLOOKUP($C55,INDIRECT(L$5&"!$V$3:$AG$100"),11,0),0),"") | M57: =IFERROR(IF(VLOOKUP($C55,INDIRECT(M$5&"!$V$3:$AG$100"),11,0)>0,VLOOKUP($C55,INDIRECT(M$5&"!$V$3:$AG$100"),11,0),0),"") | N57: =IFERROR(IF(VLOOKUP($C55,INDIRECT(N$5&"!$V$3:$AG$100"),11,0)>0,VLOOKUP($C55,INDIRECT(N$5&"!$V$3:$AG$100"),11,0),0),"") -> 6 | O57: =IFERROR(IF(VLOOKUP($C55,INDIRECT(O$5&"!$V$3:$AG$100"),11,0)>0,VLOOKUP($C55,INDIRECT(O$5&"!$V$3:$AG$100"),11,0),0),"") -> 5 | ... BG57: =IFERROR(IF(VLOOKUP($C55,INDIRECT(BG$5&"!$V$3:$AG$100"),11,0)>0,VLOOKUP($C55,INDIRECT(BG$5&"!$V$3:$AG$100"),11,0),0),"")
B58: L | C58: Mateus | D58: =IF(C58="","",C58) -> Mateus | E58: =IF(B58="","",B58) -> L | F58: A | G58: =SUM(H58:BG58) -> 1 | H58: =IFERROR(IF(VLOOKUP($C58,INDIRECT(H$5&"!$V$3:$AG$100"),2,0)>0,1,0),"") | I58: =IFERROR(IF(VLOOKUP($C58,INDIRECT(I$5&"!$V$3:$AG$100"),2,0)>0,1,0),"") | J58: =IFERROR(IF(VLOOKUP($C58,INDIRECT(J$5&"!$V$3:$AG$100"),2,0)>0,1,0),"") | K58: =IFERROR(IF(VLOOKUP($C58,INDIRECT(K$5&"!$V$3:$AG$100"),2,0)>0,1,0),"") | L58: =IFERROR(IF(VLOOKUP($C58,INDIRECT(L$5&"!$V$3:$AG$100"),2,0)>0,1,0),"") | M58: =IFERROR(IF(VLOOKUP($C58,INDIRECT(M$5&"!$V$3:$AG$100"),2,0)>0,1,0),"") | N58: =IFERROR(IF(VLOOKUP($C58,INDIRECT(N$5&"!$V$3:$AG$100"),2,0)>0,1,0),"") | O58: =IFERROR(IF(VLOOKUP($C58,INDIRECT(O$5&"!$V$3:$AG$100"),2,0)>0,1,0),"") | ... BG58: =IFERROR(IF(VLOOKUP($C58,INDIRECT(BG$5&"!$V$3:$AG$100"),2,0)>0,1,0),"")
D59: =IF(C59="","",C59) | E59: =IF(B59="","",B59) | F59: G | G59: =SUM(H59:BG59) -> 0 | H59: =IFERROR(IF(VLOOKUP($C58,INDIRECT(H$5&"!$V$3:$AG$100"),12,0)>0,VLOOKUP($C58,INDIRECT(H$5&"!$V$3:$AG$100"),12,0),0),"") | I59: =IFERROR(IF(VLOOKUP($C58,INDIRECT(I$5&"!$V$3:$AG$100"),12,0)>0,VLOOKUP($C58,INDIRECT(I$5&"!$V$3:$AG$100"),12,0),0),"") | J59: =IFERROR(IF(VLOOKUP($C58,INDIRECT(J$5&"!$V$3:$AG$100"),12,0)>0,VLOOKUP($C58,INDIRECT(J$5&"!$V$3:$AG$100"),12,0),0),"") | K59: =IFERROR(IF(VLOOKUP($C58,INDIRECT(K$5&"!$V$3:$AG$100"),12,0)>0,VLOOKUP($C58,INDIRECT(K$5&"!$V$3:$AG$100"),12,0),0),"") | L59: =IFERROR(IF(VLOOKUP($C58,INDIRECT(L$5&"!$V$3:$AG$100"),12,0)>0,VLOOKUP($C58,INDIRECT(L$5&"!$V$3:$AG$100"),12,0),0),"") | M59: =IFERROR(IF(VLOOKUP($C58,INDIRECT(M$5&"!$V$3:$AG$100"),12,0)>0,VLOOKUP($C58,INDIRECT(M$5&"!$V$3:$AG$100"),12,0),0),"") | N59: =IFERROR(IF(VLOOKUP($C58,INDIRECT(N$5&"!$V$3:$AG$100"),12,0)>0,VLOOKUP($C58,INDIRECT(N$5&"!$V$3:$AG$100"),12,0),0),"") | O59: =IFERROR(IF(VLOOKUP($C58,INDIRECT(O$5&"!$V$3:$AG$100"),12,0)>0,VLOOKUP($C58,INDIRECT(O$5&"!$V$3:$AG$100"),12,0),0),"") | ... BG59: =IFERROR(IF(VLOOKUP($C58,INDIRECT(BG$5&"!$V$3:$AG$100"),12,0)>0,VLOOKUP($C58,INDIRECT(BG$5&"!$V$3:$AG$100"),12,0),0),"")
D60: =IF(C60="","",C60) | E60: =IF(B60="","",B60) | F60: P | G60: =SUM(H60:BG60) -> 8 | H60: =IFERROR(IF(VLOOKUP($C58,INDIRECT(H$5&"!$V$3:$AG$100"),11,0)>0,VLOOKUP($C58,INDIRECT(H$5&"!$V$3:$AG$100"),11,0),0),"") | I60: =IFERROR(IF(VLOOKUP($C58,INDIRECT(I$5&"!$V$3:$AG$100"),11,0)>0,VLOOKUP($C58,INDIRECT(I$5&"!$V$3:$AG$100"),11,0),0),"") | J60: =IFERROR(IF(VLOOKUP($C58,INDIRECT(J$5&"!$V$3:$AG$100"),11,0)>0,VLOOKUP($C58,INDIRECT(J$5&"!$V$3:$AG$100"),11,0),0),"") | K60: =IFERROR(IF(VLOOKUP($C58,INDIRECT(K$5&"!$V$3:$AG$100"),11,0)>0,VLOOKUP($C58,INDIRECT(K$5&"!$V$3:$AG$100"),11,0),0),"") | L60: =IFERROR(IF(VLOOKUP($C58,INDIRECT(L$5&"!$V$3:$AG$100"),11,0)>0,VLOOKUP($C58,INDIRECT(L$5&"!$V$3:$AG$100"),11,0),0),"") | M60: =IFERROR(IF(VLOOKUP($C58,INDIRECT(M$5&"!$V$3:$AG$100"),11,0)>0,VLOOKUP($C58,INDIRECT(M$5&"!$V$3:$AG$100"),11,0),0),"") | N60: =IFERROR(IF(VLOOKUP($C58,INDIRECT(N$5&"!$V$3:$AG$100"),11,0)>0,VLOOKUP($C58,INDIRECT(N$5&"!$V$3:$AG$100"),11,0),0),"") | O60: =IFERROR(IF(VLOOKUP($C58,INDIRECT(O$5&"!$V$3:$AG$100"),11,0)>0,VLOOKUP($C58,INDIRECT(O$5&"!$V$3:$AG$100"),11,0),0),"") | ... BG60: =IFERROR(IF(VLOOKUP($C58,INDIRECT(BG$5&"!$V$3:$AG$100"),11,0)>0,VLOOKUP($C58,INDIRECT(BG$5&"!$V$3:$AG$100"),11,0),0),"")
B61: L | C61: Rafa Silva | D61: =IF(C61="","",C61) -> Rafa Silva | E61: =IF(B61="","",B61) -> L | F61: A | G61: =SUM(H61:BG61) -> 23 | H61: =IFERROR(IF(VLOOKUP($C61,INDIRECT(H$5&"!$V$3:$AG$100"),2,0)>0,1,0),"") | I61: =IFERROR(IF(VLOOKUP($C61,INDIRECT(I$5&"!$V$3:$AG$100"),2,0)>0,1,0),"") | J61: =IFERROR(IF(VLOOKUP($C61,INDIRECT(J$5&"!$V$3:$AG$100"),2,0)>0,1,0),"") -> 1 | K61: =IFERROR(IF(VLOOKUP($C61,INDIRECT(K$5&"!$V$3:$AG$100"),2,0)>0,1,0),"") -> 1 | L61: =IFERROR(IF(VLOOKUP($C61,INDIRECT(L$5&"!$V$3:$AG$100"),2,0)>0,1,0),"") | M61: =IFERROR(IF(VLOOKUP($C61,INDIRECT(M$5&"!$V$3:$AG$100"),2,0)>0,1,0),"") | N61: =IFERROR(IF(VLOOKUP($C61,INDIRECT(N$5&"!$V$3:$AG$100"),2,0)>0,1,0),"") -> 1 | O61: =IFERROR(IF(VLOOKUP($C61,INDIRECT(O$5&"!$V$3:$AG$100"),2,0)>0,1,0),"") -> 1 | ... BG61: =IFERROR(IF(VLOOKUP($C61,INDIRECT(BG$5&"!$V$3:$AG$100"),2,0)>0,1,0),"")
D62: =IF(C62="","",C62) | E62: =IF(B62="","",B62) | F62: G | G62: =SUM(H62:BG62) -> 15 | H62: =IFERROR(IF(VLOOKUP($C61,INDIRECT(H$5&"!$V$3:$AG$100"),12,0)>0,VLOOKUP($C61,INDIRECT(H$5&"!$V$3:$AG$100"),12,0),0),"") | I62: =IFERROR(IF(VLOOKUP($C61,INDIRECT(I$5&"!$V$3:$AG$100"),12,0)>0,VLOOKUP($C61,INDIRECT(I$5&"!$V$3:$AG$100"),12,0),0),"") | J62: =IFERROR(IF(VLOOKUP($C61,INDIRECT(J$5&"!$V$3:$AG$100"),12,0)>0,VLOOKUP($C61,INDIRECT(J$5&"!$V$3:$AG$100"),12,0),0),"") -> 0 | K62: =IFERROR(IF(VLOOKUP($C61,INDIRECT(K$5&"!$V$3:$AG$100"),12,0)>0,VLOOKUP($C61,INDIRECT(K$5&"!$V$3:$AG$100"),12,0),0),"") -> 0 | L62: =IFERROR(IF(VLOOKUP($C61,INDIRECT(L$5&"!$V$3:$AG$100"),12,0)>0,VLOOKUP($C61,INDIRECT(L$5&"!$V$3:$AG$100"),12,0),0),"") | M62: =IFERROR(IF(VLOOKUP($C61,INDIRECT(M$5&"!$V$3:$AG$100"),12,0)>0,VLOOKUP($C61,INDIRECT(M$5&"!$V$3:$AG$100"),12,0),0),"") | N62: =IFERROR(IF(VLOOKUP($C61,INDIRECT(N$5&"!$V$3:$AG$100"),12,0)>0,VLOOKUP($C61,INDIRECT(N$5&"!$V$3:$AG$100"),12,0),0),"") -> 1 | O62: =IFERROR(IF(VLOOKUP($C61,INDIRECT(O$5&"!$V$3:$AG$100"),12,0)>0,VLOOKUP($C61,INDIRECT(O$5&"!$V$3:$AG$100"),12,0),0),"") -> 0 | ... BG62: =IFERROR(IF(VLOOKUP($C61,INDIRECT(BG$5&"!$V$3:$AG$100"),12,0)>0,VLOOKUP($C61,INDIRECT(BG$5&"!$V$3:$AG$100"),12,0),0),"")
D63: =IF(C63="","",C63) | E63: =IF(B63="","",B63) | F63: P | G63: =SUM(H63:BG63) -> 162 | H63: =IFERROR(IF(VLOOKUP($C61,INDIRECT(H$5&"!$V$3:$AG$100"),11,0)>0,VLOOKUP($C61,INDIRECT(H$5&"!$V$3:$AG$100"),11,0),0),"") | I63: =IFERROR(IF(VLOOKUP($C61,INDIRECT(I$5&"!$V$3:$AG$100"),11,0)>0,VLOOKUP($C61,INDIRECT(I$5&"!$V$3:$AG$100"),11,0),0),"") | J63: =IFERROR(IF(VLOOKUP($C61,INDIRECT(J$5&"!$V$3:$AG$100"),11,0)>0,VLOOKUP($C61,INDIRECT(J$5&"!$V$3:$AG$100"),11,0),0),"") -> 1 | K63: =IFERROR(IF(VLOOKUP($C61,INDIRECT(K$5&"!$V$3:$AG$100"),11,0)>0,VLOOKUP($C61,INDIRECT(K$5&"!$V$3:$AG$100"),11,0),0),"") -> 7 | L63: =IFERROR(IF(VLOOKUP($C61,INDIRECT(L$5&"!$V$3:$AG$100"),11,0)>0,VLOOKUP($C61,INDIRECT(L$5&"!$V$3:$AG$100"),11,0),0),"") | M63: =IFERROR(IF(VLOOKUP($C61,INDIRECT(M$5&"!$V$3:$AG$100"),11,0)>0,VLOOKUP($C61,INDIRECT(M$5&"!$V$3:$AG$100"),11,0),0),"") | N63: =IFERROR(IF(VLOOKUP($C61,INDIRECT(N$5&"!$V$3:$AG$100"),11,0)>0,VLOOKUP($C61,INDIRECT(N$5&"!$V$3:$AG$100"),11,0),0),"") -> 6 | O63: =IFERROR(IF(VLOOKUP($C61,INDIRECT(O$5&"!$V$3:$AG$100"),11,0)>0,VLOOKUP($C61,INDIRECT(O$5&"!$V$3:$AG$100"),11,0),0),"") -> 12 | ... BG63: =IFERROR(IF(VLOOKUP($C61,INDIRECT(BG$5&"!$V$3:$AG$100"),11,0)>0,VLOOKUP($C61,INDIRECT(BG$5&"!$V$3:$AG$100"),11,0),0),"")
B64: L | C64: Rafael Duarte | D64: =IF(C64="","",C64) -> Rafael Duarte | E64: =IF(B64="","",B64) -> L | F64: A | G64: =SUM(H64:BG64) -> 13 | H64: =IFERROR(IF(VLOOKUP($C64,INDIRECT(H$5&"!$V$3:$AG$100"),2,0)>0,1,0),"") | I64: =IFERROR(IF(VLOOKUP($C64,INDIRECT(I$5&"!$V$3:$AG$100"),2,0)>0,1,0),"") -> 1 | J64: =IFERROR(IF(VLOOKUP($C64,INDIRECT(J$5&"!$V$3:$AG$100"),2,0)>0,1,0),"") | K64: =IFERROR(IF(VLOOKUP($C64,INDIRECT(K$5&"!$V$3:$AG$100"),2,0)>0,1,0),"") | L64: =IFERROR(IF(VLOOKUP($C64,INDIRECT(L$5&"!$V$3:$AG$100"),2,0)>0,1,0),"") | M64: =IFERROR(IF(VLOOKUP($C64,INDIRECT(M$5&"!$V$3:$AG$100"),2,0)>0,1,0),"") | N64: =IFERROR(IF(VLOOKUP($C64,INDIRECT(N$5&"!$V$3:$AG$100"),2,0)>0,1,0),"") | O64: =IFERROR(IF(VLOOKUP($C64,INDIRECT(O$5&"!$V$3:$AG$100"),2,0)>0,1,0),"") | ... BG64: =IFERROR(IF(VLOOKUP($C64,INDIRECT(BG$5&"!$V$3:$AG$100"),2,0)>0,1,0),"")
D65: =IF(C65="","",C65) | E65: =IF(B65="","",B65) | F65: G | G65: =SUM(H65:BG65) -> 2 | H65: =IFERROR(IF(VLOOKUP($C64,INDIRECT(H$5&"!$V$3:$AG$100"),12,0)>0,VLOOKUP($C64,INDIRECT(H$5&"!$V$3:$AG$100"),12,0),0),"") | I65: =IFERROR(IF(VLOOKUP($C64,INDIRECT(I$5&"!$V$3:$AG$100"),12,0)>0,VLOOKUP($C64,INDIRECT(I$5&"!$V$3:$AG$100"),12,0),0),"") -> 1 | J65: =IFERROR(IF(VLOOKUP($C64,INDIRECT(J$5&"!$V$3:$AG$100"),12,0)>0,VLOOKUP($C64,INDIRECT(J$5&"!$V$3:$AG$100"),12,0),0),"") | K65: =IFERROR(IF(VLOOKUP($C64,INDIRECT(K$5&"!$V$3:$AG$100"),12,0)>0,VLOOKUP($C64,INDIRECT(K$5&"!$V$3:$AG$100"),12,0),0),"") | L65: =IFERROR(IF(VLOOKUP($C64,INDIRECT(L$5&"!$V$3:$AG$100"),12,0)>0,VLOOKUP($C64,INDIRECT(L$5&"!$V$3:$AG$100"),12,0),0),"") | M65: =IFERROR(IF(VLOOKUP($C64,INDIRECT(M$5&"!$V$3:$AG$100"),12,0)>0,VLOOKUP($C64,INDIRECT(M$5&"!$V$3:$AG$100"),12,0),0),"") | N65: =IFERROR(IF(VLOOKUP($C64,INDIRECT(N$5&"!$V$3:$AG$100"),12,0)>0,VLOOKUP($C64,INDIRECT(N$5&"!$V$3:$AG$100"),12,0),0),"") | O65: =IFERROR(IF(VLOOKUP($C64,INDIRECT(O$5&"!$V$3:$AG$100"),12,0)>0,VLOOKUP($C64,INDIRECT(O$5&"!$V$3:$AG$100"),12,0),0),"") | ... BG65: =IFERROR(IF(VLOOKUP($C64,INDIRECT(BG$5&"!$V$3:$AG$100"),12,0)>0,VLOOKUP($C64,INDIRECT(BG$5&"!$V$3:$AG$100"),12,0),0),"")
D66: =IF(C66="","",C66) | E66: =IF(B66="","",B66) | F66: P | G66: =SUM(H66:BG66) -> 76 | H66: =IFERROR(IF(VLOOKUP($C64,INDIRECT(H$5&"!$V$3:$AG$100"),11,0)>0,VLOOKUP($C64,INDIRECT(H$5&"!$V$3:$AG$100"),11,0),0),"") | I66: =IFERROR(IF(VLOOKUP($C64,INDIRECT(I$5&"!$V$3:$AG$100"),11,0)>0,VLOOKUP($C64,INDIRECT(I$5&"!$V$3:$AG$100"),11,0),0),"") -> 0 | J66: =IFERROR(IF(VLOOKUP($C64,INDIRECT(J$5&"!$V$3:$AG$100"),11,0)>0,VLOOKUP($C64,INDIRECT(J$5&"!$V$3:$AG$100"),11,0),0),"") | K66: =IFERROR(IF(VLOOKUP($C64,INDIRECT(K$5&"!$V$3:$AG$100"),11,0)>0,VLOOKUP($C64,INDIRECT(K$5&"!$V$3:$AG$100"),11,0),0),"") | L66: =IFERROR(IF(VLOOKUP($C64,INDIRECT(L$5&"!$V$3:$AG$100"),11,0)>0,VLOOKUP($C64,INDIRECT(L$5&"!$V$3:$AG$100"),11,0),0),"") | M66: =IFERROR(IF(VLOOKUP($C64,INDIRECT(M$5&"!$V$3:$AG$100"),11,0)>0,VLOOKUP($C64,INDIRECT(M$5&"!$V$3:$AG$100"),11,0),0),"") | N66: =IFERROR(IF(VLOOKUP($C64,INDIRECT(N$5&"!$V$3:$AG$100"),11,0)>0,VLOOKUP($C64,INDIRECT(N$5&"!$V$3:$AG$100"),11,0),0),"") | O66: =IFERROR(IF(VLOOKUP($C64,INDIRECT(O$5&"!$V$3:$AG$100"),11,0)>0,VLOOKUP($C64,INDIRECT(O$5&"!$V$3:$AG$100"),11,0),0),"") | ... BG66: =IFERROR(IF(VLOOKUP($C64,INDIRECT(BG$5&"!$V$3:$AG$100"),11,0)>0,VLOOKUP($C64,INDIRECT(BG$5&"!$V$3:$AG$100"),11,0),0),"")
B67: L | D67: =IF(C67="","",C67) | E67: =IF(B67="","",B67) -> L | F67: A | G67: =SUM(H67:BG67) -> 0 | H67: =IFERROR(IF(VLOOKUP($C67,INDIRECT(H$5&"!$V$3:$AG$100"),2,0)>0,1,0),"") | I67: =IFERROR(IF(VLOOKUP($C67,INDIRECT(I$5&"!$V$3:$AG$100"),2,0)>0,1,0),"") | J67: =IFERROR(IF(VLOOKUP($C67,INDIRECT(J$5&"!$V$3:$AG$100"),2,0)>0,1,0),"") | K67: =IFERROR(IF(VLOOKUP($C67,INDIRECT(K$5&"!$V$3:$AG$100"),2,0)>0,1,0),"") | L67: =IFERROR(IF(VLOOKUP($C67,INDIRECT(L$5&"!$V$3:$AG$100"),2,0)>0,1,0),"") | M67: =IFERROR(IF(VLOOKUP($C67,INDIRECT(M$5&"!$V$3:$AG$100"),2,0)>0,1,0),"") | N67: =IFERROR(IF(VLOOKUP($C67,INDIRECT(N$5&"!$V$3:$AG$100"),2,0)>0,1,0),"") | O67: =IFERROR(IF(VLOOKUP($C67,INDIRECT(O$5&"!$V$3:$AG$100"),2,0)>0,1,0),"") | ... BG67: =IFERROR(IF(VLOOKUP($C67,INDIRECT(BG$5&"!$V$3:$AG$100"),2,0)>0,1,0),"")
D68: =IF(C68="","",C68) | E68: =IF(B68="","",B68) | F68: G | G68: =SUM(H68:BG68) -> 0 | H68: =IFERROR(IF(VLOOKUP($C67,INDIRECT(H$5&"!$V$3:$AG$100"),12,0)>0,VLOOKUP($C67,INDIRECT(H$5&"!$V$3:$AG$100"),12,0),0),"") | I68: =IFERROR(IF(VLOOKUP($C67,INDIRECT(I$5&"!$V$3:$AG$100"),12,0)>0,VLOOKUP($C67,INDIRECT(I$5&"!$V$3:$AG$100"),12,0),0),"") | J68: =IFERROR(IF(VLOOKUP($C67,INDIRECT(J$5&"!$V$3:$AG$100"),12,0)>0,VLOOKUP($C67,INDIRECT(J$5&"!$V$3:$AG$100"),12,0),0),"") | K68: =IFERROR(IF(VLOOKUP($C67,INDIRECT(K$5&"!$V$3:$AG$100"),12,0)>0,VLOOKUP($C67,INDIRECT(K$5&"!$V$3:$AG$100"),12,0),0),"") | L68: =IFERROR(IF(VLOOKUP($C67,INDIRECT(L$5&"!$V$3:$AG$100"),12,0)>0,VLOOKUP($C67,INDIRECT(L$5&"!$V$3:$AG$100"),12,0),0),"") | M68: =IFERROR(IF(VLOOKUP($C67,INDIRECT(M$5&"!$V$3:$AG$100"),12,0)>0,VLOOKUP($C67,INDIRECT(M$5&"!$V$3:$AG$100"),12,0),0),"") | N68: =IFERROR(IF(VLOOKUP($C67,INDIRECT(N$5&"!$V$3:$AG$100"),12,0)>0,VLOOKUP($C67,INDIRECT(N$5&"!$V$3:$AG$100"),12,0),0),"") | O68: =IFERROR(IF(VLOOKUP($C67,INDIRECT(O$5&"!$V$3:$AG$100"),12,0)>0,VLOOKUP($C67,INDIRECT(O$5&"!$V$3:$AG$100"),12,0),0),"") | ... BG68: =IFERROR(IF(VLOOKUP($C67,INDIRECT(BG$5&"!$V$3:$AG$100"),12,0)>0,VLOOKUP($C67,INDIRECT(BG$5&"!$V$3:$AG$100"),12,0),0),"")
D69: =IF(C69="","",C69) | E69: =IF(B69="","",B69) | F69: P | G69: =SUM(H69:BG69) -> 0 | H69: =IFERROR(IF(VLOOKUP($C67,INDIRECT(H$5&"!$V$3:$AG$100"),11,0)>0,VLOOKUP($C67,INDIRECT(H$5&"!$V$3:$AG$100"),11,0),0),"") | I69: =IFERROR(IF(VLOOKUP($C67,INDIRECT(I$5&"!$V$3:$AG$100"),11,0)>0,VLOOKUP($C67,INDIRECT(I$5&"!$V$3:$AG$100"),11,0),0),"") | J69: =IFERROR(IF(VLOOKUP($C67,INDIRECT(J$5&"!$V$3:$AG$100"),11,0)>0,VLOOKUP($C67,INDIRECT(J$5&"!$V$3:$AG$100"),11,0),0),"") | K69: =IFERROR(IF(VLOOKUP($C67,INDIRECT(K$5&"!$V$3:$AG$100"),11,0)>0,VLOOKUP($C67,INDIRECT(K$5&"!$V$3:$AG$100"),11,0),0),"") | L69: =IFERROR(IF(VLOOKUP($C67,INDIRECT(L$5&"!$V$3:$AG$100"),11,0)>0,VLOOKUP($C67,INDIRECT(L$5&"!$V$3:$AG$100"),11,0),0),"") | M69: =IFERROR(IF(VLOOKUP($C67,INDIRECT(M$5&"!$V$3:$AG$100"),11,0)>0,VLOOKUP($C67,INDIRECT(M$5&"!$V$3:$AG$100"),11,0),0),"") | N69: =IFERROR(IF(VLOOKUP($C67,INDIRECT(N$5&"!$V$3:$AG$100"),11,0)>0,VLOOKUP($C67,INDIRECT(N$5&"!$V$3:$AG$100"),11,0),0),"") | O69: =IFERROR(IF(VLOOKUP($C67,INDIRECT(O$5&"!$V$3:$AG$100"),11,0)>0,VLOOKUP($C67,INDIRECT(O$5&"!$V$3:$AG$100"),11,0),0),"") | ... BG69: =IFERROR(IF(VLOOKUP($C67,INDIRECT(BG$5&"!$V$3:$AG$100"),11,0)>0,VLOOKUP($C67,INDIRECT(BG$5&"!$V$3:$AG$100"),11,0),0),"")
B70: L | D70: =IF(C70="","",C70) | E70: =IF(B70="","",B70) -> L | F70: A | G70: =SUM(H70:BG70) -> 0 | H70: =IFERROR(IF(VLOOKUP($C70,INDIRECT(H$5&"!$V$3:$AG$100"),2,0)>0,1,0),"") | I70: =IFERROR(IF(VLOOKUP($C70,INDIRECT(I$5&"!$V$3:$AG$100"),2,0)>0,1,0),"") | J70: =IFERROR(IF(VLOOKUP($C70,INDIRECT(J$5&"!$V$3:$AG$100"),2,0)>0,1,0),"") | K70: =IFERROR(IF(VLOOKUP($C70,INDIRECT(K$5&"!$V$3:$AG$100"),2,0)>0,1,0),"") | L70: =IFERROR(IF(VLOOKUP($C70,INDIRECT(L$5&"!$V$3:$AG$100"),2,0)>0,1,0),"") | M70: =IFERROR(IF(VLOOKUP($C70,INDIRECT(M$5&"!$V$3:$AG$100"),2,0)>0,1,0),"") | N70: =IFERROR(IF(VLOOKUP($C70,INDIRECT(N$5&"!$V$3:$AG$100"),2,0)>0,1,0),"") | O70: =IFERROR(IF(VLOOKUP($C70,INDIRECT(O$5&"!$V$3:$AG$100"),2,0)>0,1,0),"") | ... BG70: =IFERROR(IF(VLOOKUP($C70,INDIRECT(BG$5&"!$V$3:$AG$100"),2,0)>0,1,0),"")
D71: =IF(C71="","",C71) | E71: =IF(B71="","",B71) | F71: G | G71: =SUM(H71:BG71) -> 0 | H71: =IFERROR(IF(VLOOKUP($C70,INDIRECT(H$5&"!$V$3:$AG$100"),12,0)>0,VLOOKUP($C70,INDIRECT(H$5&"!$V$3:$AG$100"),12,0),0),"") | I71: =IFERROR(IF(VLOOKUP($C70,INDIRECT(I$5&"!$V$3:$AG$100"),12,0)>0,VLOOKUP($C70,INDIRECT(I$5&"!$V$3:$AG$100"),12,0),0),"") | J71: =IFERROR(IF(VLOOKUP($C70,INDIRECT(J$5&"!$V$3:$AG$100"),12,0)>0,VLOOKUP($C70,INDIRECT(J$5&"!$V$3:$AG$100"),12,0),0),"") | K71: =IFERROR(IF(VLOOKUP($C70,INDIRECT(K$5&"!$V$3:$AG$100"),12,0)>0,VLOOKUP($C70,INDIRECT(K$5&"!$V$3:$AG$100"),12,0),0),"") | L71: =IFERROR(IF(VLOOKUP($C70,INDIRECT(L$5&"!$V$3:$AG$100"),12,0)>0,VLOOKUP($C70,INDIRECT(L$5&"!$V$3:$AG$100"),12,0),0),"") | M71: =IFERROR(IF(VLOOKUP($C70,INDIRECT(M$5&"!$V$3:$AG$100"),12,0)>0,VLOOKUP($C70,INDIRECT(M$5&"!$V$3:$AG$100"),12,0),0),"") | N71: =IFERROR(IF(VLOOKUP($C70,INDIRECT(N$5&"!$V$3:$AG$100"),12,0)>0,VLOOKUP($C70,INDIRECT(N$5&"!$V$3:$AG$100"),12,0),0),"") | O71: =IFERROR(IF(VLOOKUP($C70,INDIRECT(O$5&"!$V$3:$AG$100"),12,0)>0,VLOOKUP($C70,INDIRECT(O$5&"!$V$3:$AG$100"),12,0),0),"") | ... BG71: =IFERROR(IF(VLOOKUP($C70,INDIRECT(BG$5&"!$V$3:$AG$100"),12,0)>0,VLOOKUP($C70,INDIRECT(BG$5&"!$V$3:$AG$100"),12,0),0),"")
D72: =IF(C72="","",C72) | E72: =IF(B72="","",B72) | F72: P | G72: =SUM(H72:BG72) -> 0 | H72: =IFERROR(IF(VLOOKUP($C70,INDIRECT(H$5&"!$V$3:$AG$100"),11,0)>0,VLOOKUP($C70,INDIRECT(H$5&"!$V$3:$AG$100"),11,0),0),"") | I72: =IFERROR(IF(VLOOKUP($C70,INDIRECT(I$5&"!$V$3:$AG$100"),11,0)>0,VLOOKUP($C70,INDIRECT(I$5&"!$V$3:$AG$100"),11,0),0),"") | J72: =IFERROR(IF(VLOOKUP($C70,INDIRECT(J$5&"!$V$3:$AG$100"),11,0)>0,VLOOKUP($C70,INDIRECT(J$5&"!$V$3:$AG$100"),11,0),0),"") | K72: =IFERROR(IF(VLOOKUP($C70,INDIRECT(K$5&"!$V$3:$AG$100"),11,0)>0,VLOOKUP($C70,INDIRECT(K$5&"!$V$3:$AG$100"),11,0),0),"") | L72: =IFERROR(IF(VLOOKUP($C70,INDIRECT(L$5&"!$V$3:$AG$100"),11,0)>0,VLOOKUP($C70,INDIRECT(L$5&"!$V$3:$AG$100"),11,0),0),"") | M72: =IFERROR(IF(VLOOKUP($C70,INDIRECT(M$5&"!$V$3:$AG$100"),11,0)>0,VLOOKUP($C70,INDIRECT(M$5&"!$V$3:$AG$100"),11,0),0),"") | N72: =IFERROR(IF(VLOOKUP($C70,INDIRECT(N$5&"!$V$3:$AG$100"),11,0)>0,VLOOKUP($C70,INDIRECT(N$5&"!$V$3:$AG$100"),11,0),0),"") | O72: =IFERROR(IF(VLOOKUP($C70,INDIRECT(O$5&"!$V$3:$AG$100"),11,0)>0,VLOOKUP($C70,INDIRECT(O$5&"!$V$3:$AG$100"),11,0),0),"") | ... BG72: =IFERROR(IF(VLOOKUP($C70,INDIRECT(BG$5&"!$V$3:$AG$100"),11,0)>0,VLOOKUP($C70,INDIRECT(BG$5&"!$V$3:$AG$100"),11,0),0),"")
B73: V | C73: Fumagalli | D73: =IF(C73="","",C73) -> Fumagalli | E73: =IF(B73="","",B73) -> V | F73: A | G73: =SUM(H73:BG73) -> 18 | H73: =IFERROR(IF(VLOOKUP($C73,INDIRECT(H$5&"!$V$3:$AG$100"),2,0)>0,1,0),"") | I73: =IFERROR(IF(VLOOKUP($C73,INDIRECT(I$5&"!$V$3:$AG$100"),2,0)>0,1,0),"") -> 1 | J73: =IFERROR(IF(VLOOKUP($C73,INDIRECT(J$5&"!$V$3:$AG$100"),2,0)>0,1,0),"") | K73: =IFERROR(IF(VLOOKUP($C73,INDIRECT(K$5&"!$V$3:$AG$100"),2,0)>0,1,0),"") -> 1 | L73: =IFERROR(IF(VLOOKUP($C73,INDIRECT(L$5&"!$V$3:$AG$100"),2,0)>0,1,0),"") | M73: =IFERROR(IF(VLOOKUP($C73,INDIRECT(M$5&"!$V$3:$AG$100"),2,0)>0,1,0),"") | N73: =IFERROR(IF(VLOOKUP($C73,INDIRECT(N$5&"!$V$3:$AG$100"),2,0)>0,1,0),"") | O73: =IFERROR(IF(VLOOKUP($C73,INDIRECT(O$5&"!$V$3:$AG$100"),2,0)>0,1,0),"") -> 1 | ... BG73: =IFERROR(IF(VLOOKUP($C73,INDIRECT(BG$5&"!$V$3:$AG$100"),2,0)>0,1,0),"")
D74: =IF(C74="","",C74) | E74: =IF(B74="","",B74) | F74: G | G74: =SUM(H74:BG74) -> 8 | H74: =IFERROR(IF(VLOOKUP($C73,INDIRECT(H$5&"!$V$3:$AG$100"),12,0)>0,VLOOKUP($C73,INDIRECT(H$5&"!$V$3:$AG$100"),12,0),0),"") | I74: =IFERROR(IF(VLOOKUP($C73,INDIRECT(I$5&"!$V$3:$AG$100"),12,0)>0,VLOOKUP($C73,INDIRECT(I$5&"!$V$3:$AG$100"),12,0),0),"") -> 1 | J74: =IFERROR(IF(VLOOKUP($C73,INDIRECT(J$5&"!$V$3:$AG$100"),12,0)>0,VLOOKUP($C73,INDIRECT(J$5&"!$V$3:$AG$100"),12,0),0),"") | K74: =IFERROR(IF(VLOOKUP($C73,INDIRECT(K$5&"!$V$3:$AG$100"),12,0)>0,VLOOKUP($C73,INDIRECT(K$5&"!$V$3:$AG$100"),12,0),0),"") -> 1 | L74: =IFERROR(IF(VLOOKUP($C73,INDIRECT(L$5&"!$V$3:$AG$100"),12,0)>0,VLOOKUP($C73,INDIRECT(L$5&"!$V$3:$AG$100"),12,0),0),"") | M74: =IFERROR(IF(VLOOKUP($C73,INDIRECT(M$5&"!$V$3:$AG$100"),12,0)>0,VLOOKUP($C73,INDIRECT(M$5&"!$V$3:$AG$100"),12,0),0),"") | N74: =IFERROR(IF(VLOOKUP($C73,INDIRECT(N$5&"!$V$3:$AG$100"),12,0)>0,VLOOKUP($C73,INDIRECT(N$5&"!$V$3:$AG$100"),12,0),0),"") | O74: =IFERROR(IF(VLOOKUP($C73,INDIRECT(O$5&"!$V$3:$AG$100"),12,0)>0,VLOOKUP($C73,INDIRECT(O$5&"!$V$3:$AG$100"),12,0),0),"") -> 1 | ... BG74: =IFERROR(IF(VLOOKUP($C73,INDIRECT(BG$5&"!$V$3:$AG$100"),12,0)>0,VLOOKUP($C73,INDIRECT(BG$5&"!$V$3:$AG$100"),12,0),0),"")
D75: =IF(C75="","",C75) | E75: =IF(B75="","",B75) | F75: P | G75: =SUM(H75:BG75) -> 139 | H75: =IFERROR(IF(VLOOKUP($C73,INDIRECT(H$5&"!$V$3:$AG$100"),11,0)>0,VLOOKUP($C73,INDIRECT(H$5&"!$V$3:$AG$100"),11,0),0),"") | I75: =IFERROR(IF(VLOOKUP($C73,INDIRECT(I$5&"!$V$3:$AG$100"),11,0)>0,VLOOKUP($C73,INDIRECT(I$5&"!$V$3:$AG$100"),11,0),0),"") -> 9 | J75: =IFERROR(IF(VLOOKUP($C73,INDIRECT(J$5&"!$V$3:$AG$100"),11,0)>0,VLOOKUP($C73,INDIRECT(J$5&"!$V$3:$AG$100"),11,0),0),"") | K75: =IFERROR(IF(VLOOKUP($C73,INDIRECT(K$5&"!$V$3:$AG$100"),11,0)>0,VLOOKUP($C73,INDIRECT(K$5&"!$V$3:$AG$100"),11,0),0),"") -> 8 | L75: =IFERROR(IF(VLOOKUP($C73,INDIRECT(L$5&"!$V$3:$AG$100"),11,0)>0,VLOOKUP($C73,INDIRECT(L$5&"!$V$3:$AG$100"),11,0),0),"") | M75: =IFERROR(IF(VLOOKUP($C73,INDIRECT(M$5&"!$V$3:$AG$100"),11,0)>0,VLOOKUP($C73,INDIRECT(M$5&"!$V$3:$AG$100"),11,0),0),"") | N75: =IFERROR(IF(VLOOKUP($C73,INDIRECT(N$5&"!$V$3:$AG$100"),11,0)>0,VLOOKUP($C73,INDIRECT(N$5&"!$V$3:$AG$100"),11,0),0),"") | O75: =IFERROR(IF(VLOOKUP($C73,INDIRECT(O$5&"!$V$3:$AG$100"),11,0)>0,VLOOKUP($C73,INDIRECT(O$5&"!$V$3:$AG$100"),11,0),0),"") -> 5 | ... BG75: =IFERROR(IF(VLOOKUP($C73,INDIRECT(BG$5&"!$V$3:$AG$100"),11,0)>0,VLOOKUP($C73,INDIRECT(BG$5&"!$V$3:$AG$100"),11,0),0),"")
B76: V | C76: Hugo | D76: =IF(C76="","",C76) -> Hugo | E76: =IF(B76="","",B76) -> V | F76: A | G76: =SUM(H76:BG76) -> 37 | H76: =IFERROR(IF(VLOOKUP($C76,INDIRECT(H$5&"!$V$3:$AG$100"),2,0)>0,1,0),"") | I76: =IFERROR(IF(VLOOKUP($C76,INDIRECT(I$5&"!$V$3:$AG$100"),2,0)>0,1,0),"") -> 1 | J76: =IFERROR(IF(VLOOKUP($C76,INDIRECT(J$5&"!$V$3:$AG$100"),2,0)>0,1,0),"") -> 1 | K76: =IFERROR(IF(VLOOKUP($C76,INDIRECT(K$5&"!$V$3:$AG$100"),2,0)>0,1,0),"") -> 1 | L76: =IFERROR(IF(VLOOKUP($C76,INDIRECT(L$5&"!$V$3:$AG$100"),2,0)>0,1,0),"") | M76: =IFERROR(IF(VLOOKUP($C76,INDIRECT(M$5&"!$V$3:$AG$100"),2,0)>0,1,0),"") | N76: =IFERROR(IF(VLOOKUP($C76,INDIRECT(N$5&"!$V$3:$AG$100"),2,0)>0,1,0),"") -> 1 | O76: =IFERROR(IF(VLOOKUP($C76,INDIRECT(O$5&"!$V$3:$AG$100"),2,0)>0,1,0),"") -> 1 | ... BG76: =IFERROR(IF(VLOOKUP($C76,INDIRECT(BG$5&"!$V$3:$AG$100"),2,0)>0,1,0),"")
D77: =IF(C77="","",C77) | E77: =IF(B77="","",B77) | F77: G | G77: =SUM(H77:BG77) -> 20 | H77: =IFERROR(IF(VLOOKUP($C76,INDIRECT(H$5&"!$V$3:$AG$100"),12,0)>0,VLOOKUP($C76,INDIRECT(H$5&"!$V$3:$AG$100"),12,0),0),"") | I77: =IFERROR(IF(VLOOKUP($C76,INDIRECT(I$5&"!$V$3:$AG$100"),12,0)>0,VLOOKUP($C76,INDIRECT(I$5&"!$V$3:$AG$100"),12,0),0),"") -> 0 | J77: =IFERROR(IF(VLOOKUP($C76,INDIRECT(J$5&"!$V$3:$AG$100"),12,0)>0,VLOOKUP($C76,INDIRECT(J$5&"!$V$3:$AG$100"),12,0),0),"") -> 0 | K77: =IFERROR(IF(VLOOKUP($C76,INDIRECT(K$5&"!$V$3:$AG$100"),12,0)>0,VLOOKUP($C76,INDIRECT(K$5&"!$V$3:$AG$100"),12,0),0),"") -> 0 | L77: =IFERROR(IF(VLOOKUP($C76,INDIRECT(L$5&"!$V$3:$AG$100"),12,0)>0,VLOOKUP($C76,INDIRECT(L$5&"!$V$3:$AG$100"),12,0),0),"") | M77: =IFERROR(IF(VLOOKUP($C76,INDIRECT(M$5&"!$V$3:$AG$100"),12,0)>0,VLOOKUP($C76,INDIRECT(M$5&"!$V$3:$AG$100"),12,0),0),"") | N77: =IFERROR(IF(VLOOKUP($C76,INDIRECT(N$5&"!$V$3:$AG$100"),12,0)>0,VLOOKUP($C76,INDIRECT(N$5&"!$V$3:$AG$100"),12,0),0),"") -> 1 | O77: =IFERROR(IF(VLOOKUP($C76,INDIRECT(O$5&"!$V$3:$AG$100"),12,0)>0,VLOOKUP($C76,INDIRECT(O$5&"!$V$3:$AG$100"),12,0),0),"") -> 1 | ... BG77: =IFERROR(IF(VLOOKUP($C76,INDIRECT(BG$5&"!$V$3:$AG$100"),12,0)>0,VLOOKUP($C76,INDIRECT(BG$5&"!$V$3:$AG$100"),12,0),0),"")
D78: =IF(C78="","",C78) | E78: =IF(B78="","",B78) | F78: P | G78: =SUM(H78:BG78) -> 302 | H78: =IFERROR(IF(VLOOKUP($C76,INDIRECT(H$5&"!$V$3:$AG$100"),11,0)>0,VLOOKUP($C76,INDIRECT(H$5&"!$V$3:$AG$100"),11,0),0),"") | I78: =IFERROR(IF(VLOOKUP($C76,INDIRECT(I$5&"!$V$3:$AG$100"),11,0)>0,VLOOKUP($C76,INDIRECT(I$5&"!$V$3:$AG$100"),11,0),0),"") -> 14 | J78: =IFERROR(IF(VLOOKUP($C76,INDIRECT(J$5&"!$V$3:$AG$100"),11,0)>0,VLOOKUP($C76,INDIRECT(J$5&"!$V$3:$AG$100"),11,0),0),"") -> 17 | K78: =IFERROR(IF(VLOOKUP($C76,INDIRECT(K$5&"!$V$3:$AG$100"),11,0)>0,VLOOKUP($C76,INDIRECT(K$5&"!$V$3:$AG$100"),11,0),0),"") -> 10 | L78: =IFERROR(IF(VLOOKUP($C76,INDIRECT(L$5&"!$V$3:$AG$100"),11,0)>0,VLOOKUP($C76,INDIRECT(L$5&"!$V$3:$AG$100"),11,0),0),"") | M78: =IFERROR(IF(VLOOKUP($C76,INDIRECT(M$5&"!$V$3:$AG$100"),11,0)>0,VLOOKUP($C76,INDIRECT(M$5&"!$V$3:$AG$100"),11,0),0),"") | N78: =IFERROR(IF(VLOOKUP($C76,INDIRECT(N$5&"!$V$3:$AG$100"),11,0)>0,VLOOKUP($C76,INDIRECT(N$5&"!$V$3:$AG$100"),11,0),0),"") -> 13 | O78: =IFERROR(IF(VLOOKUP($C76,INDIRECT(O$5&"!$V$3:$AG$100"),11,0)>0,VLOOKUP($C76,INDIRECT(O$5&"!$V$3:$AG$100"),11,0),0),"") -> 12 | ... BG78: =IFERROR(IF(VLOOKUP($C76,INDIRECT(BG$5&"!$V$3:$AG$100"),11,0)>0,VLOOKUP($C76,INDIRECT(BG$5&"!$V$3:$AG$100"),11,0),0),"")
B79: V | C79: Juba | D79: =IF(C79="","",C79) -> Juba | E79: =IF(B79="","",B79) -> V | F79: A | G79: =SUM(H79:BG79) -> 22 | H79: =IFERROR(IF(VLOOKUP($C79,INDIRECT(H$5&"!$V$3:$AG$100"),2,0)>0,1,0),"") | I79: =IFERROR(IF(VLOOKUP($C79,INDIRECT(I$5&"!$V$3:$AG$100"),2,0)>0,1,0),"") -> 1 | J79: =IFERROR(IF(VLOOKUP($C79,INDIRECT(J$5&"!$V$3:$AG$100"),2,0)>0,1,0),"") -> 1 | K79: =IFERROR(IF(VLOOKUP($C79,INDIRECT(K$5&"!$V$3:$AG$100"),2,0)>0,1,0),"") -> 1 | L79: =IFERROR(IF(VLOOKUP($C79,INDIRECT(L$5&"!$V$3:$AG$100"),2,0)>0,1,0),"") | M79: =IFERROR(IF(VLOOKUP($C79,INDIRECT(M$5&"!$V$3:$AG$100"),2,0)>0,1,0),"") | N79: =IFERROR(IF(VLOOKUP($C79,INDIRECT(N$5&"!$V$3:$AG$100"),2,0)>0,1,0),"") -> 1 | O79: =IFERROR(IF(VLOOKUP($C79,INDIRECT(O$5&"!$V$3:$AG$100"),2,0)>0,1,0),"") | ... BG79: =IFERROR(IF(VLOOKUP($C79,INDIRECT(BG$5&"!$V$3:$AG$100"),2,0)>0,1,0),"")
D80: =IF(C80="","",C80) | E80: =IF(B80="","",B80) | F80: G | G80: =SUM(H80:BG80) -> 10 | H80: =IFERROR(IF(VLOOKUP($C79,INDIRECT(H$5&"!$V$3:$AG$100"),12,0)>0,VLOOKUP($C79,INDIRECT(H$5&"!$V$3:$AG$100"),12,0),0),"") | I80: =IFERROR(IF(VLOOKUP($C79,INDIRECT(I$5&"!$V$3:$AG$100"),12,0)>0,VLOOKUP($C79,INDIRECT(I$5&"!$V$3:$AG$100"),12,0),0),"") -> 1 | J80: =IFERROR(IF(VLOOKUP($C79,INDIRECT(J$5&"!$V$3:$AG$100"),12,0)>0,VLOOKUP($C79,INDIRECT(J$5&"!$V$3:$AG$100"),12,0),0),"") -> 1 | K80: =IFERROR(IF(VLOOKUP($C79,INDIRECT(K$5&"!$V$3:$AG$100"),12,0)>0,VLOOKUP($C79,INDIRECT(K$5&"!$V$3:$AG$100"),12,0),0),"") -> 1 | L80: =IFERROR(IF(VLOOKUP($C79,INDIRECT(L$5&"!$V$3:$AG$100"),12,0)>0,VLOOKUP($C79,INDIRECT(L$5&"!$V$3:$AG$100"),12,0),0),"") | M80: =IFERROR(IF(VLOOKUP($C79,INDIRECT(M$5&"!$V$3:$AG$100"),12,0)>0,VLOOKUP($C79,INDIRECT(M$5&"!$V$3:$AG$100"),12,0),0),"") | N80: =IFERROR(IF(VLOOKUP($C79,INDIRECT(N$5&"!$V$3:$AG$100"),12,0)>0,VLOOKUP($C79,INDIRECT(N$5&"!$V$3:$AG$100"),12,0),0),"") -> 0 | O80: =IFERROR(IF(VLOOKUP($C79,INDIRECT(O$5&"!$V$3:$AG$100"),12,0)>0,VLOOKUP($C79,INDIRECT(O$5&"!$V$3:$AG$100"),12,0),0),"") | ... BG80: =IFERROR(IF(VLOOKUP($C79,INDIRECT(BG$5&"!$V$3:$AG$100"),12,0)>0,VLOOKUP($C79,INDIRECT(BG$5&"!$V$3:$AG$100"),12,0),0),"")
D81: =IF(C81="","",C81) | E81: =IF(B81="","",B81) | F81: P | G81: =SUM(H81:BG81) -> 158 | H81: =IFERROR(IF(VLOOKUP($C79,INDIRECT(H$5&"!$V$3:$AG$100"),11,0)>0,VLOOKUP($C79,INDIRECT(H$5&"!$V$3:$AG$100"),11,0),0),"") | I81: =IFERROR(IF(VLOOKUP($C79,INDIRECT(I$5&"!$V$3:$AG$100"),11,0)>0,VLOOKUP($C79,INDIRECT(I$5&"!$V$3:$AG$100"),11,0),0),"") -> 9 | J81: =IFERROR(IF(VLOOKUP($C79,INDIRECT(J$5&"!$V$3:$AG$100"),11,0)>0,VLOOKUP($C79,INDIRECT(J$5&"!$V$3:$AG$100"),11,0),0),"") -> 13 | K81: =IFERROR(IF(VLOOKUP($C79,INDIRECT(K$5&"!$V$3:$AG$100"),11,0)>0,VLOOKUP($C79,INDIRECT(K$5&"!$V$3:$AG$100"),11,0),0),"") -> 10 | L81: =IFERROR(IF(VLOOKUP($C79,INDIRECT(L$5&"!$V$3:$AG$100"),11,0)>0,VLOOKUP($C79,INDIRECT(L$5&"!$V$3:$AG$100"),11,0),0),"") | M81: =IFERROR(IF(VLOOKUP($C79,INDIRECT(M$5&"!$V$3:$AG$100"),11,0)>0,VLOOKUP($C79,INDIRECT(M$5&"!$V$3:$AG$100"),11,0),0),"") | N81: =IFERROR(IF(VLOOKUP($C79,INDIRECT(N$5&"!$V$3:$AG$100"),11,0)>0,VLOOKUP($C79,INDIRECT(N$5&"!$V$3:$AG$100"),11,0),0),"") -> 3 | O81: =IFERROR(IF(VLOOKUP($C79,INDIRECT(O$5&"!$V$3:$AG$100"),11,0)>0,VLOOKUP($C79,INDIRECT(O$5&"!$V$3:$AG$100"),11,0),0),"") | ... BG81: =IFERROR(IF(VLOOKUP($C79,INDIRECT(BG$5&"!$V$3:$AG$100"),11,0)>0,VLOOKUP($C79,INDIRECT(BG$5&"!$V$3:$AG$100"),11,0),0),"")
B82: V | C82: Willian | D82: =IF(C82="","",C82) -> Willian | E82: =IF(B82="","",B82) -> V | F82: A | G82: =SUM(H82:BG82) -> 9 | H82: =IFERROR(IF(VLOOKUP($C82,INDIRECT(H$5&"!$V$3:$AG$100"),2,0)>0,1,0),"") | I82: =IFERROR(IF(VLOOKUP($C82,INDIRECT(I$5&"!$V$3:$AG$100"),2,0)>0,1,0),"") | J82: =IFERROR(IF(VLOOKUP($C82,INDIRECT(J$5&"!$V$3:$AG$100"),2,0)>0,1,0),"") | K82: =IFERROR(IF(VLOOKUP($C82,INDIRECT(K$5&"!$V$3:$AG$100"),2,0)>0,1,0),"") | L82: =IFERROR(IF(VLOOKUP($C82,INDIRECT(L$5&"!$V$3:$AG$100"),2,0)>0,1,0),"") | M82: =IFERROR(IF(VLOOKUP($C82,INDIRECT(M$5&"!$V$3:$AG$100"),2,0)>0,1,0),"") | N82: =IFERROR(IF(VLOOKUP($C82,INDIRECT(N$5&"!$V$3:$AG$100"),2,0)>0,1,0),"") | O82: =IFERROR(IF(VLOOKUP($C82,INDIRECT(O$5&"!$V$3:$AG$100"),2,0)>0,1,0),"") -> 1 | ... BG82: =IFERROR(IF(VLOOKUP($C82,INDIRECT(BG$5&"!$V$3:$AG$100"),2,0)>0,1,0),"")
D83: =IF(C83="","",C83) | E83: =IF(B83="","",B83) | F83: G | G83: =SUM(H83:BG83) -> 7 | H83: =IFERROR(IF(VLOOKUP($C82,INDIRECT(H$5&"!$V$3:$AG$100"),12,0)>0,VLOOKUP($C82,INDIRECT(H$5&"!$V$3:$AG$100"),12,0),0),"") | I83: =IFERROR(IF(VLOOKUP($C82,INDIRECT(I$5&"!$V$3:$AG$100"),12,0)>0,VLOOKUP($C82,INDIRECT(I$5&"!$V$3:$AG$100"),12,0),0),"") | J83: =IFERROR(IF(VLOOKUP($C82,INDIRECT(J$5&"!$V$3:$AG$100"),12,0)>0,VLOOKUP($C82,INDIRECT(J$5&"!$V$3:$AG$100"),12,0),0),"") | K83: =IFERROR(IF(VLOOKUP($C82,INDIRECT(K$5&"!$V$3:$AG$100"),12,0)>0,VLOOKUP($C82,INDIRECT(K$5&"!$V$3:$AG$100"),12,0),0),"") | L83: =IFERROR(IF(VLOOKUP($C82,INDIRECT(L$5&"!$V$3:$AG$100"),12,0)>0,VLOOKUP($C82,INDIRECT(L$5&"!$V$3:$AG$100"),12,0),0),"") | M83: =IFERROR(IF(VLOOKUP($C82,INDIRECT(M$5&"!$V$3:$AG$100"),12,0)>0,VLOOKUP($C82,INDIRECT(M$5&"!$V$3:$AG$100"),12,0),0),"") | N83: =IFERROR(IF(VLOOKUP($C82,INDIRECT(N$5&"!$V$3:$AG$100"),12,0)>0,VLOOKUP($C82,INDIRECT(N$5&"!$V$3:$AG$100"),12,0),0),"") | O83: =IFERROR(IF(VLOOKUP($C82,INDIRECT(O$5&"!$V$3:$AG$100"),12,0)>0,VLOOKUP($C82,INDIRECT(O$5&"!$V$3:$AG$100"),12,0),0),"") -> 1 | ... BG83: =IFERROR(IF(VLOOKUP($C82,INDIRECT(BG$5&"!$V$3:$AG$100"),12,0)>0,VLOOKUP($C82,INDIRECT(BG$5&"!$V$3:$AG$100"),12,0),0),"")
D84: =IF(C84="","",C84) | E84: =IF(B84="","",B84) | F84: P | G84: =SUM(H84:BG84) -> 61 | H84: =IFERROR(IF(VLOOKUP($C82,INDIRECT(H$5&"!$V$3:$AG$100"),11,0)>0,VLOOKUP($C82,INDIRECT(H$5&"!$V$3:$AG$100"),11,0),0),"") | I84: =IFERROR(IF(VLOOKUP($C82,INDIRECT(I$5&"!$V$3:$AG$100"),11,0)>0,VLOOKUP($C82,INDIRECT(I$5&"!$V$3:$AG$100"),11,0),0),"") | J84: =IFERROR(IF(VLOOKUP($C82,INDIRECT(J$5&"!$V$3:$AG$100"),11,0)>0,VLOOKUP($C82,INDIRECT(J$5&"!$V$3:$AG$100"),11,0),0),"") | K84: =IFERROR(IF(VLOOKUP($C82,INDIRECT(K$5&"!$V$3:$AG$100"),11,0)>0,VLOOKUP($C82,INDIRECT(K$5&"!$V$3:$AG$100"),11,0),0),"") | L84: =IFERROR(IF(VLOOKUP($C82,INDIRECT(L$5&"!$V$3:$AG$100"),11,0)>0,VLOOKUP($C82,INDIRECT(L$5&"!$V$3:$AG$100"),11,0),0),"") | M84: =IFERROR(IF(VLOOKUP($C82,INDIRECT(M$5&"!$V$3:$AG$100"),11,0)>0,VLOOKUP($C82,INDIRECT(M$5&"!$V$3:$AG$100"),11,0),0),"") | N84: =IFERROR(IF(VLOOKUP($C82,INDIRECT(N$5&"!$V$3:$AG$100"),11,0)>0,VLOOKUP($C82,INDIRECT(N$5&"!$V$3:$AG$100"),11,0),0),"") | O84: =IFERROR(IF(VLOOKUP($C82,INDIRECT(O$5&"!$V$3:$AG$100"),11,0)>0,VLOOKUP($C82,INDIRECT(O$5&"!$V$3:$AG$100"),11,0),0),"") -> 2 | ... BG84: =IFERROR(IF(VLOOKUP($C82,INDIRECT(BG$5&"!$V$3:$AG$100"),11,0)>0,VLOOKUP($C82,INDIRECT(BG$5&"!$V$3:$AG$100"),11,0),0),"")
B85: V | C85: Xinho | D85: =IF(C85="","",C85) -> Xinho | E85: =IF(B85="","",B85) -> V | F85: A | G85: =SUM(H85:BG85) -> 15 | H85: =IFERROR(IF(VLOOKUP($C85,INDIRECT(H$5&"!$V$3:$AG$100"),2,0)>0,1,0),"") | I85: =IFERROR(IF(VLOOKUP($C85,INDIRECT(I$5&"!$V$3:$AG$100"),2,0)>0,1,0),"") | J85: =IFERROR(IF(VLOOKUP($C85,INDIRECT(J$5&"!$V$3:$AG$100"),2,0)>0,1,0),"") | K85: =IFERROR(IF(VLOOKUP($C85,INDIRECT(K$5&"!$V$3:$AG$100"),2,0)>0,1,0),"") | L85: =IFERROR(IF(VLOOKUP($C85,INDIRECT(L$5&"!$V$3:$AG$100"),2,0)>0,1,0),"") | M85: =IFERROR(IF(VLOOKUP($C85,INDIRECT(M$5&"!$V$3:$AG$100"),2,0)>0,1,0),"") | N85: =IFERROR(IF(VLOOKUP($C85,INDIRECT(N$5&"!$V$3:$AG$100"),2,0)>0,1,0),"") | O85: =IFERROR(IF(VLOOKUP($C85,INDIRECT(O$5&"!$V$3:$AG$100"),2,0)>0,1,0),"") | ... BG85: =IFERROR(IF(VLOOKUP($C85,INDIRECT(BG$5&"!$V$3:$AG$100"),2,0)>0,1,0),"")
D86: =IF(C86="","",C86) | E86: =IF(B86="","",B86) | F86: G | G86: =SUM(H86:BG86) -> 7 | H86: =IFERROR(IF(VLOOKUP($C85,INDIRECT(H$5&"!$V$3:$AG$100"),12,0)>0,VLOOKUP($C85,INDIRECT(H$5&"!$V$3:$AG$100"),12,0),0),"") | I86: =IFERROR(IF(VLOOKUP($C85,INDIRECT(I$5&"!$V$3:$AG$100"),12,0)>0,VLOOKUP($C85,INDIRECT(I$5&"!$V$3:$AG$100"),12,0),0),"") | J86: =IFERROR(IF(VLOOKUP($C85,INDIRECT(J$5&"!$V$3:$AG$100"),12,0)>0,VLOOKUP($C85,INDIRECT(J$5&"!$V$3:$AG$100"),12,0),0),"") | K86: =IFERROR(IF(VLOOKUP($C85,INDIRECT(K$5&"!$V$3:$AG$100"),12,0)>0,VLOOKUP($C85,INDIRECT(K$5&"!$V$3:$AG$100"),12,0),0),"") | L86: =IFERROR(IF(VLOOKUP($C85,INDIRECT(L$5&"!$V$3:$AG$100"),12,0)>0,VLOOKUP($C85,INDIRECT(L$5&"!$V$3:$AG$100"),12,0),0),"") | M86: =IFERROR(IF(VLOOKUP($C85,INDIRECT(M$5&"!$V$3:$AG$100"),12,0)>0,VLOOKUP($C85,INDIRECT(M$5&"!$V$3:$AG$100"),12,0),0),"") | N86: =IFERROR(IF(VLOOKUP($C85,INDIRECT(N$5&"!$V$3:$AG$100"),12,0)>0,VLOOKUP($C85,INDIRECT(N$5&"!$V$3:$AG$100"),12,0),0),"") | O86: =IFERROR(IF(VLOOKUP($C85,INDIRECT(O$5&"!$V$3:$AG$100"),12,0)>0,VLOOKUP($C85,INDIRECT(O$5&"!$V$3:$AG$100"),12,0),0),"") | ... BG86: =IFERROR(IF(VLOOKUP($C85,INDIRECT(BG$5&"!$V$3:$AG$100"),12,0)>0,VLOOKUP($C85,INDIRECT(BG$5&"!$V$3:$AG$100"),12,0),0),"")
D87: =IF(C87="","",C87) | E87: =IF(B87="","",B87) | F87: P | G87: =SUM(H87:BG87) -> 111 | H87: =IFERROR(IF(VLOOKUP($C85,INDIRECT(H$5&"!$V$3:$AG$100"),11,0)>0,VLOOKUP($C85,INDIRECT(H$5&"!$V$3:$AG$100"),11,0),0),"") | I87: =IFERROR(IF(VLOOKUP($C85,INDIRECT(I$5&"!$V$3:$AG$100"),11,0)>0,VLOOKUP($C85,INDIRECT(I$5&"!$V$3:$AG$100"),11,0),0),"") | J87: =IFERROR(IF(VLOOKUP($C85,INDIRECT(J$5&"!$V$3:$AG$100"),11,0)>0,VLOOKUP($C85,INDIRECT(J$5&"!$V$3:$AG$100"),11,0),0),"") | K87: =IFERROR(IF(VLOOKUP($C85,INDIRECT(K$5&"!$V$3:$AG$100"),11,0)>0,VLOOKUP($C85,INDIRECT(K$5&"!$V$3:$AG$100"),11,0),0),"") | L87: =IFERROR(IF(VLOOKUP($C85,INDIRECT(L$5&"!$V$3:$AG$100"),11,0)>0,VLOOKUP($C85,INDIRECT(L$5&"!$V$3:$AG$100"),11,0),0),"") | M87: =IFERROR(IF(VLOOKUP($C85,INDIRECT(M$5&"!$V$3:$AG$100"),11,0)>0,VLOOKUP($C85,INDIRECT(M$5&"!$V$3:$AG$100"),11,0),0),"") | N87: =IFERROR(IF(VLOOKUP($C85,INDIRECT(N$5&"!$V$3:$AG$100"),11,0)>0,VLOOKUP($C85,INDIRECT(N$5&"!$V$3:$AG$100"),11,0),0),"") | O87: =IFERROR(IF(VLOOKUP($C85,INDIRECT(O$5&"!$V$3:$AG$100"),11,0)>0,VLOOKUP($C85,INDIRECT(O$5&"!$V$3:$AG$100"),11,0),0),"") | ... BG87: =IFERROR(IF(VLOOKUP($C85,INDIRECT(BG$5&"!$V$3:$AG$100"),11,0)>0,VLOOKUP($C85,INDIRECT(BG$5&"!$V$3:$AG$100"),11,0),0),"")
B88: V | D88: =IF(C88="","",C88) | E88: =IF(B88="","",B88) -> V | F88: A | G88: =SUM(H88:BG88) -> 0 | H88: =IFERROR(IF(VLOOKUP($C88,INDIRECT(H$5&"!$V$3:$AG$100"),2,0)>0,1,0),"") | I88: =IFERROR(IF(VLOOKUP($C88,INDIRECT(I$5&"!$V$3:$AG$100"),2,0)>0,1,0),"") | J88: =IFERROR(IF(VLOOKUP($C88,INDIRECT(J$5&"!$V$3:$AG$100"),2,0)>0,1,0),"") | K88: =IFERROR(IF(VLOOKUP($C88,INDIRECT(K$5&"!$V$3:$AG$100"),2,0)>0,1,0),"") | L88: =IFERROR(IF(VLOOKUP($C88,INDIRECT(L$5&"!$V$3:$AG$100"),2,0)>0,1,0),"") | M88: =IFERROR(IF(VLOOKUP($C88,INDIRECT(M$5&"!$V$3:$AG$100"),2,0)>0,1,0),"") | N88: =IFERROR(IF(VLOOKUP($C88,INDIRECT(N$5&"!$V$3:$AG$100"),2,0)>0,1,0),"") | O88: =IFERROR(IF(VLOOKUP($C88,INDIRECT(O$5&"!$V$3:$AG$100"),2,0)>0,1,0),"") | ... BG88: =IFERROR(IF(VLOOKUP($C88,INDIRECT(BG$5&"!$V$3:$AG$100"),2,0)>0,1,0),"")
D89: =IF(C89="","",C89) | E89: =IF(B89="","",B89) | F89: G | G89: =SUM(H89:BG89) -> 0 | H89: =IFERROR(IF(VLOOKUP($C88,INDIRECT(H$5&"!$V$3:$AG$100"),12,0)>0,VLOOKUP($C88,INDIRECT(H$5&"!$V$3:$AG$100"),12,0),0),"") | I89: =IFERROR(IF(VLOOKUP($C88,INDIRECT(I$5&"!$V$3:$AG$100"),12,0)>0,VLOOKUP($C88,INDIRECT(I$5&"!$V$3:$AG$100"),12,0),0),"") | J89: =IFERROR(IF(VLOOKUP($C88,INDIRECT(J$5&"!$V$3:$AG$100"),12,0)>0,VLOOKUP($C88,INDIRECT(J$5&"!$V$3:$AG$100"),12,0),0),"") | K89: =IFERROR(IF(VLOOKUP($C88,INDIRECT(K$5&"!$V$3:$AG$100"),12,0)>0,VLOOKUP($C88,INDIRECT(K$5&"!$V$3:$AG$100"),12,0),0),"") | L89: =IFERROR(IF(VLOOKUP($C88,INDIRECT(L$5&"!$V$3:$AG$100"),12,0)>0,VLOOKUP($C88,INDIRECT(L$5&"!$V$3:$AG$100"),12,0),0),"") | M89: =IFERROR(IF(VLOOKUP($C88,INDIRECT(M$5&"!$V$3:$AG$100"),12,0)>0,VLOOKUP($C88,INDIRECT(M$5&"!$V$3:$AG$100"),12,0),0),"") | N89: =IFERROR(IF(VLOOKUP($C88,INDIRECT(N$5&"!$V$3:$AG$100"),12,0)>0,VLOOKUP($C88,INDIRECT(N$5&"!$V$3:$AG$100"),12,0),0),"") | O89: =IFERROR(IF(VLOOKUP($C88,INDIRECT(O$5&"!$V$3:$AG$100"),12,0)>0,VLOOKUP($C88,INDIRECT(O$5&"!$V$3:$AG$100"),12,0),0),"") | ... BG89: =IFERROR(IF(VLOOKUP($C88,INDIRECT(BG$5&"!$V$3:$AG$100"),12,0)>0,VLOOKUP($C88,INDIRECT(BG$5&"!$V$3:$AG$100"),12,0),0),"")
D90: =IF(C90="","",C90) | E90: =IF(B90="","",B90) | F90: P | G90: =SUM(H90:BG90) -> 0 | H90: =IFERROR(IF(VLOOKUP($C88,INDIRECT(H$5&"!$V$3:$AG$100"),11,0)>0,VLOOKUP($C88,INDIRECT(H$5&"!$V$3:$AG$100"),11,0),0),"") | I90: =IFERROR(IF(VLOOKUP($C88,INDIRECT(I$5&"!$V$3:$AG$100"),11,0)>0,VLOOKUP($C88,INDIRECT(I$5&"!$V$3:$AG$100"),11,0),0),"") | J90: =IFERROR(IF(VLOOKUP($C88,INDIRECT(J$5&"!$V$3:$AG$100"),11,0)>0,VLOOKUP($C88,INDIRECT(J$5&"!$V$3:$AG$100"),11,0),0),"") | K90: =IFERROR(IF(VLOOKUP($C88,INDIRECT(K$5&"!$V$3:$AG$100"),11,0)>0,VLOOKUP($C88,INDIRECT(K$5&"!$V$3:$AG$100"),11,0),0),"") | L90: =IFERROR(IF(VLOOKUP($C88,INDIRECT(L$5&"!$V$3:$AG$100"),11,0)>0,VLOOKUP($C88,INDIRECT(L$5&"!$V$3:$AG$100"),11,0),0),"") | M90: =IFERROR(IF(VLOOKUP($C88,INDIRECT(M$5&"!$V$3:$AG$100"),11,0)>0,VLOOKUP($C88,INDIRECT(M$5&"!$V$3:$AG$100"),11,0),0),"") | N90: =IFERROR(IF(VLOOKUP($C88,INDIRECT(N$5&"!$V$3:$AG$100"),11,0)>0,VLOOKUP($C88,INDIRECT(N$5&"!$V$3:$AG$100"),11,0),0),"") | O90: =IFERROR(IF(VLOOKUP($C88,INDIRECT(O$5&"!$V$3:$AG$100"),11,0)>0,VLOOKUP($C88,INDIRECT(O$5&"!$V$3:$AG$100"),11,0),0),"") | ... BG90: =IFERROR(IF(VLOOKUP($C88,INDIRECT(BG$5&"!$V$3:$AG$100"),11,0)>0,VLOOKUP($C88,INDIRECT(BG$5&"!$V$3:$AG$100"),11,0),0),"")
B91: M | D91: =IF(C91="","",C91) | E91: =IF(B91="","",B91) -> M | F91: A | G91: =SUM(H91:BG91) -> 0 | H91: =IFERROR(IF(VLOOKUP($C91,INDIRECT(H$5&"!$V$3:$AG$100"),2,0)>0,1,0),"") | I91: =IFERROR(IF(VLOOKUP($C91,INDIRECT(I$5&"!$V$3:$AG$100"),2,0)>0,1,0),"") | J91: =IFERROR(IF(VLOOKUP($C91,INDIRECT(J$5&"!$V$3:$AG$100"),2,0)>0,1,0),"") | K91: =IFERROR(IF(VLOOKUP($C91,INDIRECT(K$5&"!$V$3:$AG$100"),2,0)>0,1,0),"") | L91: =IFERROR(IF(VLOOKUP($C91,INDIRECT(L$5&"!$V$3:$AG$100"),2,0)>0,1,0),"") | M91: =IFERROR(IF(VLOOKUP($C91,INDIRECT(M$5&"!$V$3:$AG$100"),2,0)>0,1,0),"") | N91: =IFERROR(IF(VLOOKUP($C91,INDIRECT(N$5&"!$V$3:$AG$100"),2,0)>0,1,0),"") | O91: =IFERROR(IF(VLOOKUP($C91,INDIRECT(O$5&"!$V$3:$AG$100"),2,0)>0,1,0),"") | ... BG91: =IFERROR(IF(VLOOKUP($C91,INDIRECT(BG$5&"!$V$3:$AG$100"),2,0)>0,1,0),"")
D92: =IF(C92="","",C92) | E92: =IF(B92="","",B92) | F92: G | G92: =SUM(H92:BG92) -> 0 | H92: =IFERROR(IF(VLOOKUP($C91,INDIRECT(H$5&"!$V$3:$AG$100"),12,0)>0,VLOOKUP($C91,INDIRECT(H$5&"!$V$3:$AG$100"),12,0),0),"") | I92: =IFERROR(IF(VLOOKUP($C91,INDIRECT(I$5&"!$V$3:$AG$100"),12,0)>0,VLOOKUP($C91,INDIRECT(I$5&"!$V$3:$AG$100"),12,0),0),"") | J92: =IFERROR(IF(VLOOKUP($C91,INDIRECT(J$5&"!$V$3:$AG$100"),12,0)>0,VLOOKUP($C91,INDIRECT(J$5&"!$V$3:$AG$100"),12,0),0),"") | K92: =IFERROR(IF(VLOOKUP($C91,INDIRECT(K$5&"!$V$3:$AG$100"),12,0)>0,VLOOKUP($C91,INDIRECT(K$5&"!$V$3:$AG$100"),12,0),0),"") | L92: =IFERROR(IF(VLOOKUP($C91,INDIRECT(L$5&"!$V$3:$AG$100"),12,0)>0,VLOOKUP($C91,INDIRECT(L$5&"!$V$3:$AG$100"),12,0),0),"") | M92: =IFERROR(IF(VLOOKUP($C91,INDIRECT(M$5&"!$V$3:$AG$100"),12,0)>0,VLOOKUP($C91,INDIRECT(M$5&"!$V$3:$AG$100"),12,0),0),"") | N92: =IFERROR(IF(VLOOKUP($C91,INDIRECT(N$5&"!$V$3:$AG$100"),12,0)>0,VLOOKUP($C91,INDIRECT(N$5&"!$V$3:$AG$100"),12,0),0),"") | O92: =IFERROR(IF(VLOOKUP($C91,INDIRECT(O$5&"!$V$3:$AG$100"),12,0)>0,VLOOKUP($C91,INDIRECT(O$5&"!$V$3:$AG$100"),12,0),0),"") | ... BG92: =IFERROR(IF(VLOOKUP($C91,INDIRECT(BG$5&"!$V$3:$AG$100"),12,0)>0,VLOOKUP($C91,INDIRECT(BG$5&"!$V$3:$AG$100"),12,0),0),"")
D93: =IF(C93="","",C93) | E93: =IF(B93="","",B93) | F93: P | G93: =SUM(H93:BG93) -> 0 | H93: =IFERROR(IF(VLOOKUP($C91,INDIRECT(H$5&"!$V$3:$AG$100"),11,0)>0,VLOOKUP($C91,INDIRECT(H$5&"!$V$3:$AG$100"),11,0),0),"") | I93: =IFERROR(IF(VLOOKUP($C91,INDIRECT(I$5&"!$V$3:$AG$100"),11,0)>0,VLOOKUP($C91,INDIRECT(I$5&"!$V$3:$AG$100"),11,0),0),"") | J93: =IFERROR(IF(VLOOKUP($C91,INDIRECT(J$5&"!$V$3:$AG$100"),11,0)>0,VLOOKUP($C91,INDIRECT(J$5&"!$V$3:$AG$100"),11,0),0),"") | K93: =IFERROR(IF(VLOOKUP($C91,INDIRECT(K$5&"!$V$3:$AG$100"),11,0)>0,VLOOKUP($C91,INDIRECT(K$5&"!$V$3:$AG$100"),11,0),0),"") | L93: =IFERROR(IF(VLOOKUP($C91,INDIRECT(L$5&"!$V$3:$AG$100"),11,0)>0,VLOOKUP($C91,INDIRECT(L$5&"!$V$3:$AG$100"),11,0),0),"") | M93: =IFERROR(IF(VLOOKUP($C91,INDIRECT(M$5&"!$V$3:$AG$100"),11,0)>0,VLOOKUP($C91,INDIRECT(M$5&"!$V$3:$AG$100"),11,0),0),"") | N93: =IFERROR(IF(VLOOKUP($C91,INDIRECT(N$5&"!$V$3:$AG$100"),11,0)>0,VLOOKUP($C91,INDIRECT(N$5&"!$V$3:$AG$100"),11,0),0),"") | O93: =IFERROR(IF(VLOOKUP($C91,INDIRECT(O$5&"!$V$3:$AG$100"),11,0)>0,VLOOKUP($C91,INDIRECT(O$5&"!$V$3:$AG$100"),11,0),0),"") | ... BG93: =IFERROR(IF(VLOOKUP($C91,INDIRECT(BG$5&"!$V$3:$AG$100"),11,0)>0,VLOOKUP($C91,INDIRECT(BG$5&"!$V$3:$AG$100"),11,0),0),"")
B94: M | C94: Bigode | D94: =IF(C94="","",C94) -> Bigode | E94: =IF(B94="","",B94) -> M | F94: A | G94: =SUM(H94:BG94) -> 25 | H94: =IFERROR(IF(VLOOKUP($C94,INDIRECT(H$5&"!$V$3:$AG$100"),2,0)>0,1,0),"") | I94: =IFERROR(IF(VLOOKUP($C94,INDIRECT(I$5&"!$V$3:$AG$100"),2,0)>0,1,0),"") | J94: =IFERROR(IF(VLOOKUP($C94,INDIRECT(J$5&"!$V$3:$AG$100"),2,0)>0,1,0),"") | K94: =IFERROR(IF(VLOOKUP($C94,INDIRECT(K$5&"!$V$3:$AG$100"),2,0)>0,1,0),"") | L94: =IFERROR(IF(VLOOKUP($C94,INDIRECT(L$5&"!$V$3:$AG$100"),2,0)>0,1,0),"") | M94: =IFERROR(IF(VLOOKUP($C94,INDIRECT(M$5&"!$V$3:$AG$100"),2,0)>0,1,0),"") | N94: =IFERROR(IF(VLOOKUP($C94,INDIRECT(N$5&"!$V$3:$AG$100"),2,0)>0,1,0),"") -> 1 | O94: =IFERROR(IF(VLOOKUP($C94,INDIRECT(O$5&"!$V$3:$AG$100"),2,0)>0,1,0),"") -> 1 | ... BG94: =IFERROR(IF(VLOOKUP($C94,INDIRECT(BG$5&"!$V$3:$AG$100"),2,0)>0,1,0),"")
D95: =IF(C95="","",C95) | E95: =IF(B95="","",B95) | F95: G | G95: =SUM(H95:BG95) -> 40 | H95: =IFERROR(IF(VLOOKUP($C94,INDIRECT(H$5&"!$V$3:$AG$100"),12,0)>0,VLOOKUP($C94,INDIRECT(H$5&"!$V$3:$AG$100"),12,0),0),"") | I95: =IFERROR(IF(VLOOKUP($C94,INDIRECT(I$5&"!$V$3:$AG$100"),12,0)>0,VLOOKUP($C94,INDIRECT(I$5&"!$V$3:$AG$100"),12,0),0),"") | J95: =IFERROR(IF(VLOOKUP($C94,INDIRECT(J$5&"!$V$3:$AG$100"),12,0)>0,VLOOKUP($C94,INDIRECT(J$5&"!$V$3:$AG$100"),12,0),0),"") | K95: =IFERROR(IF(VLOOKUP($C94,INDIRECT(K$5&"!$V$3:$AG$100"),12,0)>0,VLOOKUP($C94,INDIRECT(K$5&"!$V$3:$AG$100"),12,0),0),"") | L95: =IFERROR(IF(VLOOKUP($C94,INDIRECT(L$5&"!$V$3:$AG$100"),12,0)>0,VLOOKUP($C94,INDIRECT(L$5&"!$V$3:$AG$100"),12,0),0),"") | M95: =IFERROR(IF(VLOOKUP($C94,INDIRECT(M$5&"!$V$3:$AG$100"),12,0)>0,VLOOKUP($C94,INDIRECT(M$5&"!$V$3:$AG$100"),12,0),0),"") | N95: =IFERROR(IF(VLOOKUP($C94,INDIRECT(N$5&"!$V$3:$AG$100"),12,0)>0,VLOOKUP($C94,INDIRECT(N$5&"!$V$3:$AG$100"),12,0),0),"") -> 2 | O95: =IFERROR(IF(VLOOKUP($C94,INDIRECT(O$5&"!$V$3:$AG$100"),12,0)>0,VLOOKUP($C94,INDIRECT(O$5&"!$V$3:$AG$100"),12,0),0),"") -> 1 | ... BG95: =IFERROR(IF(VLOOKUP($C94,INDIRECT(BG$5&"!$V$3:$AG$100"),12,0)>0,VLOOKUP($C94,INDIRECT(BG$5&"!$V$3:$AG$100"),12,0),0),"")
D96: =IF(C96="","",C96) | E96: =IF(B96="","",B96) | F96: P | G96: =SUM(H96:BG96) -> 262 | H96: =IFERROR(IF(VLOOKUP($C94,INDIRECT(H$5&"!$V$3:$AG$100"),11,0)>0,VLOOKUP($C94,INDIRECT(H$5&"!$V$3:$AG$100"),11,0),0),"") | I96: =IFERROR(IF(VLOOKUP($C94,INDIRECT(I$5&"!$V$3:$AG$100"),11,0)>0,VLOOKUP($C94,INDIRECT(I$5&"!$V$3:$AG$100"),11,0),0),"") | J96: =IFERROR(IF(VLOOKUP($C94,INDIRECT(J$5&"!$V$3:$AG$100"),11,0)>0,VLOOKUP($C94,INDIRECT(J$5&"!$V$3:$AG$100"),11,0),0),"") | K96: =IFERROR(IF(VLOOKUP($C94,INDIRECT(K$5&"!$V$3:$AG$100"),11,0)>0,VLOOKUP($C94,INDIRECT(K$5&"!$V$3:$AG$100"),11,0),0),"") | L96: =IFERROR(IF(VLOOKUP($C94,INDIRECT(L$5&"!$V$3:$AG$100"),11,0)>0,VLOOKUP($C94,INDIRECT(L$5&"!$V$3:$AG$100"),11,0),0),"") | M96: =IFERROR(IF(VLOOKUP($C94,INDIRECT(M$5&"!$V$3:$AG$100"),11,0)>0,VLOOKUP($C94,INDIRECT(M$5&"!$V$3:$AG$100"),11,0),0),"") | N96: =IFERROR(IF(VLOOKUP($C94,INDIRECT(N$5&"!$V$3:$AG$100"),11,0)>0,VLOOKUP($C94,INDIRECT(N$5&"!$V$3:$AG$100"),11,0),0),"") -> 11 | O96: =IFERROR(IF(VLOOKUP($C94,INDIRECT(O$5&"!$V$3:$AG$100"),11,0)>0,VLOOKUP($C94,INDIRECT(O$5&"!$V$3:$AG$100"),11,0),0),"") -> 12 | ... BG96: =IFERROR(IF(VLOOKUP($C94,INDIRECT(BG$5&"!$V$3:$AG$100"),11,0)>0,VLOOKUP($C94,INDIRECT(BG$5&"!$V$3:$AG$100"),11,0),0),"")
B97: M | C97: Fabinho | D97: =IF(C97="","",C97) -> Fabinho | E97: =IF(B97="","",B97) -> M | F97: A | G97: =SUM(H97:BG97) -> 29 | H97: =IFERROR(IF(VLOOKUP($C97,INDIRECT(H$5&"!$V$3:$AG$100"),2,0)>0,1,0),"") | I97: =IFERROR(IF(VLOOKUP($C97,INDIRECT(I$5&"!$V$3:$AG$100"),2,0)>0,1,0),"") -> 1 | J97: =IFERROR(IF(VLOOKUP($C97,INDIRECT(J$5&"!$V$3:$AG$100"),2,0)>0,1,0),"") -> 1 | K97: =IFERROR(IF(VLOOKUP($C97,INDIRECT(K$5&"!$V$3:$AG$100"),2,0)>0,1,0),"") -> 1 | L97: =IFERROR(IF(VLOOKUP($C97,INDIRECT(L$5&"!$V$3:$AG$100"),2,0)>0,1,0),"") | M97: =IFERROR(IF(VLOOKUP($C97,INDIRECT(M$5&"!$V$3:$AG$100"),2,0)>0,1,0),"") | N97: =IFERROR(IF(VLOOKUP($C97,INDIRECT(N$5&"!$V$3:$AG$100"),2,0)>0,1,0),"") -> 1 | O97: =IFERROR(IF(VLOOKUP($C97,INDIRECT(O$5&"!$V$3:$AG$100"),2,0)>0,1,0),"") -> 1 | ... BG97: =IFERROR(IF(VLOOKUP($C97,INDIRECT(BG$5&"!$V$3:$AG$100"),2,0)>0,1,0),"")
D98: =IF(C98="","",C98) | E98: =IF(B98="","",B98) | F98: G | G98: =SUM(H98:BG98) -> 21 | H98: =IFERROR(IF(VLOOKUP($C97,INDIRECT(H$5&"!$V$3:$AG$100"),12,0)>0,VLOOKUP($C97,INDIRECT(H$5&"!$V$3:$AG$100"),12,0),0),"") | I98: =IFERROR(IF(VLOOKUP($C97,INDIRECT(I$5&"!$V$3:$AG$100"),12,0)>0,VLOOKUP($C97,INDIRECT(I$5&"!$V$3:$AG$100"),12,0),0),"") -> 1 | J98: =IFERROR(IF(VLOOKUP($C97,INDIRECT(J$5&"!$V$3:$AG$100"),12,0)>0,VLOOKUP($C97,INDIRECT(J$5&"!$V$3:$AG$100"),12,0),0),"") -> 2 | K98: =IFERROR(IF(VLOOKUP($C97,INDIRECT(K$5&"!$V$3:$AG$100"),12,0)>0,VLOOKUP($C97,INDIRECT(K$5&"!$V$3:$AG$100"),12,0),0),"") -> 0 | L98: =IFERROR(IF(VLOOKUP($C97,INDIRECT(L$5&"!$V$3:$AG$100"),12,0)>0,VLOOKUP($C97,INDIRECT(L$5&"!$V$3:$AG$100"),12,0),0),"") | M98: =IFERROR(IF(VLOOKUP($C97,INDIRECT(M$5&"!$V$3:$AG$100"),12,0)>0,VLOOKUP($C97,INDIRECT(M$5&"!$V$3:$AG$100"),12,0),0),"") | N98: =IFERROR(IF(VLOOKUP($C97,INDIRECT(N$5&"!$V$3:$AG$100"),12,0)>0,VLOOKUP($C97,INDIRECT(N$5&"!$V$3:$AG$100"),12,0),0),"") -> 0 | O98: =IFERROR(IF(VLOOKUP($C97,INDIRECT(O$5&"!$V$3:$AG$100"),12,0)>0,VLOOKUP($C97,INDIRECT(O$5&"!$V$3:$AG$100"),12,0),0),"") -> 0 | ... BG98: =IFERROR(IF(VLOOKUP($C97,INDIRECT(BG$5&"!$V$3:$AG$100"),12,0)>0,VLOOKUP($C97,INDIRECT(BG$5&"!$V$3:$AG$100"),12,0),0),"")
D99: =IF(C99="","",C99) | E99: =IF(B99="","",B99) | F99: P | G99: =SUM(H99:BG99) -> 220 | H99: =IFERROR(IF(VLOOKUP($C97,INDIRECT(H$5&"!$V$3:$AG$100"),11,0)>0,VLOOKUP($C97,INDIRECT(H$5&"!$V$3:$AG$100"),11,0),0),"") | I99: =IFERROR(IF(VLOOKUP($C97,INDIRECT(I$5&"!$V$3:$AG$100"),11,0)>0,VLOOKUP($C97,INDIRECT(I$5&"!$V$3:$AG$100"),11,0),0),"") -> 14 | J99: =IFERROR(IF(VLOOKUP($C97,INDIRECT(J$5&"!$V$3:$AG$100"),11,0)>0,VLOOKUP($C97,INDIRECT(J$5&"!$V$3:$AG$100"),11,0),0),"") -> 9 | K99: =IFERROR(IF(VLOOKUP($C97,INDIRECT(K$5&"!$V$3:$AG$100"),11,0)>0,VLOOKUP($C97,INDIRECT(K$5&"!$V$3:$AG$100"),11,0),0),"") -> 8 | L99: =IFERROR(IF(VLOOKUP($C97,INDIRECT(L$5&"!$V$3:$AG$100"),11,0)>0,VLOOKUP($C97,INDIRECT(L$5&"!$V$3:$AG$100"),11,0),0),"") | M99: =IFERROR(IF(VLOOKUP($C97,INDIRECT(M$5&"!$V$3:$AG$100"),11,0)>0,VLOOKUP($C97,INDIRECT(M$5&"!$V$3:$AG$100"),11,0),0),"") | N99: =IFERROR(IF(VLOOKUP($C97,INDIRECT(N$5&"!$V$3:$AG$100"),11,0)>0,VLOOKUP($C97,INDIRECT(N$5&"!$V$3:$AG$100"),11,0),0),"") -> 8 | O99: =IFERROR(IF(VLOOKUP($C97,INDIRECT(O$5&"!$V$3:$AG$100"),11,0)>0,VLOOKUP($C97,INDIRECT(O$5&"!$V$3:$AG$100"),11,0),0),"") -> 5 | ... BG99: =IFERROR(IF(VLOOKUP($C97,INDIRECT(BG$5&"!$V$3:$AG$100"),11,0)>0,VLOOKUP($C97,INDIRECT(BG$5&"!$V$3:$AG$100"),11,0),0),"")
B100: M | C100: Felipo | D100: =IF(C100="","",C100) -> Felipo | E100: =IF(B100="","",B100) -> M | F100: A | G100: =SUM(H100:BG100) -> 13 | H100: =IFERROR(IF(VLOOKUP($C100,INDIRECT(H$5&"!$V$3:$AG$100"),2,0)>0,1,0),"") | I100: =IFERROR(IF(VLOOKUP($C100,INDIRECT(I$5&"!$V$3:$AG$100"),2,0)>0,1,0),"") -> 1 | J100: =IFERROR(IF(VLOOKUP($C100,INDIRECT(J$5&"!$V$3:$AG$100"),2,0)>0,1,0),"") -> 1 | K100: =IFERROR(IF(VLOOKUP($C100,INDIRECT(K$5&"!$V$3:$AG$100"),2,0)>0,1,0),"") | L100: =IFERROR(IF(VLOOKUP($C100,INDIRECT(L$5&"!$V$3:$AG$100"),2,0)>0,1,0),"") | M100: =IFERROR(IF(VLOOKUP($C100,INDIRECT(M$5&"!$V$3:$AG$100"),2,0)>0,1,0),"") | N100: =IFERROR(IF(VLOOKUP($C100,INDIRECT(N$5&"!$V$3:$AG$100"),2,0)>0,1,0),"") -> 1 | O100: =IFERROR(IF(VLOOKUP($C100,INDIRECT(O$5&"!$V$3:$AG$100"),2,0)>0,1,0),"") | ... BG100: =IFERROR(IF(VLOOKUP($C100,INDIRECT(BG$5&"!$V$3:$AG$100"),2,0)>0,1,0),"")
D101: =IF(C101="","",C101) | E101: =IF(B101="","",B101) | F101: G | G101: =SUM(H101:BG101) -> 2 | H101: =IFERROR(IF(VLOOKUP($C100,INDIRECT(H$5&"!$V$3:$AG$100"),12,0)>0,VLOOKUP($C100,INDIRECT(H$5&"!$V$3:$AG$100"),12,0),0),"") | I101: =IFERROR(IF(VLOOKUP($C100,INDIRECT(I$5&"!$V$3:$AG$100"),12,0)>0,VLOOKUP($C100,INDIRECT(I$5&"!$V$3:$AG$100"),12,0),0),"") -> 0 | J101: =IFERROR(IF(VLOOKUP($C100,INDIRECT(J$5&"!$V$3:$AG$100"),12,0)>0,VLOOKUP($C100,INDIRECT(J$5&"!$V$3:$AG$100"),12,0),0),"") -> 1 | K101: =IFERROR(IF(VLOOKUP($C100,INDIRECT(K$5&"!$V$3:$AG$100"),12,0)>0,VLOOKUP($C100,INDIRECT(K$5&"!$V$3:$AG$100"),12,0),0),"") | L101: =IFERROR(IF(VLOOKUP($C100,INDIRECT(L$5&"!$V$3:$AG$100"),12,0)>0,VLOOKUP($C100,INDIRECT(L$5&"!$V$3:$AG$100"),12,0),0),"") | M101: =IFERROR(IF(VLOOKUP($C100,INDIRECT(M$5&"!$V$3:$AG$100"),12,0)>0,VLOOKUP($C100,INDIRECT(M$5&"!$V$3:$AG$100"),12,0),0),"") | N101: =IFERROR(IF(VLOOKUP($C100,INDIRECT(N$5&"!$V$3:$AG$100"),12,0)>0,VLOOKUP($C100,INDIRECT(N$5&"!$V$3:$AG$100"),12,0),0),"") -> 0 | O101: =IFERROR(IF(VLOOKUP($C100,INDIRECT(O$5&"!$V$3:$AG$100"),12,0)>0,VLOOKUP($C100,INDIRECT(O$5&"!$V$3:$AG$100"),12,0),0),"") | ... BG101: =IFERROR(IF(VLOOKUP($C100,INDIRECT(BG$5&"!$V$3:$AG$100"),12,0)>0,VLOOKUP($C100,INDIRECT(BG$5&"!$V$3:$AG$100"),12,0),0),"")
...

Sheet Ranking
B2: Rank | C2: # | D2: Nome | E2: ="Assid. - "&TEXT(E41,"00") -> Assid. - 38 | F2: Nome | G2: Gols | H2: Nome | I2: Pontos | J2: Nome | K2: Gols/Jogo | L2: Nome | M2: Pontos/Jogo | O2: Mês | P2: Jogos | Q2: Média Presença
B3: 1 | C3: Z/V | D3: Andre | E3: =VLOOKUP($D3,Resumo!$C$7:$G$147,5,FALSE) -> 28 | F3: =D3 -> Andre | G3: {=INDEX(Resumo!$G:$G,MATCH(D3,Resumo!$C:$C,0)+1)} -> 2 | H3: =D3 -> Andre | I3: {=INDEX(Resumo!$G:$G,MATCH(D3,Resumo!$C:$C,0)+2)} -> 214 | J3: =F3 -> Andre | K3: =IF(E3<>0,G3/E3,0) -> 0.071428571 | L3: =H3 -> Andre | M3: =IF(E3<>0,I3/E3,0) -> 7.6428571 | O3: Janeiro | P3: =Resumo!H152 -> 3 | Q3: =Resumo!H163 -> 0.55882353
B4: =B3+1 -> 2 | C4: M/V | D4: Bigode | E4: =VLOOKUP($D4,Resumo!$C$7:$G$147,5,FALSE) -> 25 | F4: =D4 -> Bigode | G4: {=INDEX(Resumo!$G:$G,MATCH(D4,Resumo!$C:$C,0)+1)} -> 40 | H4: =D4 -> Bigode | I4: {=INDEX(Resumo!$G:$G,MATCH(D4,Resumo!$C:$C,0)+2)} -> 262 | J4: =F4 -> Bigode | K4: =IF(E4<>0,G4/E4,0) -> 1.6 | L4: =H4 -> Bigode | M4: =IF(E4<>0,I4/E4,0) -> 10.48 | O4: Fevereiro | P4: =Resumo!L152 -> 2 | Q4: =Resumo!L163 -> 0.66176471
B5: =B4+1 -> 3 | C5: A/M | D5: Comeli | E5: =VLOOKUP($D5,Resumo!$C$7:$G$147,5,FALSE) -> 32 | F5: =D5 -> Comeli | G5: {=INDEX(Resumo!$G:$G,MATCH(D5,Resumo!$C:$C,0)+1)} -> 60 | H5: =D5 -> Comeli | I5: {=INDEX(Resumo!$G:$G,MATCH(D5,Resumo!$C:$C,0)+2)} -> 264 | J5: =F5 -> Comeli | K5: =IF(E5<>0,G5/E5,0) -> 1.875 | L5: =H5 -> Comeli | M5: =IF(E5<>0,I5/E5,0) -> 8.25 | O5: Março | P5: =Resumo!P152 -> 5 | Q5: =Resumo!P163 -> 0.61176471
B6: =B5+1 -> 4 | C6: M/V | D6: Fabinho | E6: =VLOOKUP($D6,Resumo!$C$7:$G$147,5,FALSE) -> 29 | F6: =D6 -> Fabinho | G6: {=INDEX(Resumo!$G:$G,MATCH(D6,Resumo!$C:$C,0)+1)} -> 21 | H6: =D6 -> Fabinho | I6: {=INDEX(Resumo!$G:$G,MATCH(D6,Resumo!$C:$C,0)+2)} -> 220 | J6: =F6 -> Fabinho | K6: =IF(E6<>0,G6/E6,0) -> 0.72413793 | L6: =H6 -> Fabinho | M6: =IF(E6<>0,I6/E6,0) -> 7.5862069 | O6: Abril | P6: =Resumo!U152 -> 3 | Q6: =Resumo!U163 -> 0.6372549
B7: =B6+1 -> 5 | C7: G | D7: Fabio | E7: =VLOOKUP($D7,Resumo!$C$7:$G$147,5,FALSE) -> 25 | F7: =D7 -> Fabio | G7: {=INDEX(Resumo!$G:$G,MATCH(D7,Resumo!$C:$C,0)+1)} -> 0 | H7: =D7 -> Fabio | I7: {=INDEX(Resumo!$G:$G,MATCH(D7,Resumo!$C:$C,0)+2)} -> 233 | J7: =F7 -> Fabio | K7: =IF(E7<>0,G7/E7,0) -> 0 | L7: =H7 -> Fabio | M7: =IF(E7<>0,I7/E7,0) -> 9.32 | O7: Maio | P7: =Resumo!Y152 -> 4 | Q7: =Resumo!Y163 -> 0.52941176
B8: =B7+1 -> 6 | C8: M/LE | D8: Felipo | E8: =VLOOKUP($D8,Resumo!$C$7:$G$147,5,FALSE) -> 13 | F8: =D8 -> Felipo | G8: {=INDEX(Resumo!$G:$G,MATCH(D8,Resumo!$C:$C,0)+1)} -> 2 | H8: =D8 -> Felipo | I8: {=INDEX(Resumo!$G:$G,MATCH(D8,Resumo!$C:$C,0)+2)} -> 91 | J8: =F8 -> Felipo | K8: =IF(E8<>0,G8/E8,0) -> 0.15384615 | L8: =H8 -> Felipo | M8: =IF(E8<>0,I8/E8,0) -> 7 | O8: Junho | P8: =Resumo!AC152 -> 2 | Q8: =Resumo!AC163 -> 0.61764706
B9: =B8+1 -> 7 | C9: Z/LE | D9: Fernando | E9: =VLOOKUP($D9,Resumo!$C$7:$G$147,5,FALSE) -> 23 | F9: =D9 -> Fernando | G9: {=INDEX(Resumo!$G:$G,MATCH(D9,Resumo!$C:$C,0)+1)} -> 13 | H9: =D9 -> Fernando | I9: {=INDEX(Resumo!$G:$G,MATCH(D9,Resumo!$C:$C,0)+2)} -> 161 | J9: =F9 -> Fernando | K9: =IF(E9<>0,G9/E9,0) -> 0.56521739 | L9: =H9 -> Fernando | M9: =IF(E9<>0,I9/E9,0) -> 7 | O9: Julho | P9: =Resumo!AH152 -> 4 | Q9: =Resumo!AH163 -> 0.5
B10: =B9+1 -> 8 | C10: V/M | D10: Fumagalli | E10: =VLOOKUP($D10,Resumo!$C$7:$G$147,5,FALSE) -> 18 | F10: =D10 -> Fumagalli | G10: {=INDEX(Resumo!$G:$G,MATCH(D10,Resumo!$C:$C,0)+1)} -> 8 | H10: =D10 -> Fumagalli | I10: {=INDEX(Resumo!$G:$G,MATCH(D10,Resumo!$C:$C,0)+2)} -> 139 | J10: =F10 -> Fumagalli | K10: =IF(E10<>0,G10/E10,0) -> 0.44444444 | L10: =H10 -> Fumagalli | M10: =IF(E10<>0,I10/E10,0) -> 7.7222222 | O10: Agosto | P10: =Resumo!AL152 -> 4 | Q10: =Resumo!AL163 -> 0.43382353
B11: =B10+1 -> 9 | C11: M/A | D11: Gabriel | E11: =VLOOKUP($D11,Resumo!$C$7:$G$147,5,FALSE) -> 19 | F11: =D11 -> Gabriel | G11: {=INDEX(Resumo!$G:$G,MATCH(D11,Resumo!$C:$C,0)+1)} -> 27 | H11: =D11 -> Gabriel | I11: {=INDEX(Resumo!$G:$G,MATCH(D11,Resumo!$C:$C,0)+2)} -> 115 | J11: =F11 -> Gabriel | K11: =IF(E11<>0,G11/E11,0) -> 1.4210526 | L11: =H11 -> Gabriel | M11: =IF(E11<>0,I11/E11,0) -> 6.0526316 | O11: Setembro | P11: =Resumo!AQ152 -> 4 | Q11: =Resumo!AQ163 -> 0.41911765
B12: =B11+1 -> 10 | C12: M/A | D12: Guilherme | E12: =VLOOKUP($D12,Resumo!$C$7:$G$147,5,FALSE) -> 33 | F12: =D12 -> Guilherme | G12: {=INDEX(Resumo!$G:$G,MATCH(D12,Resumo!$C:$C,0)+1)} -> 68 | H12: =D12 -> Guilherme | I12: {=INDEX(Resumo!$G:$G,MATCH(D12,Resumo!$C:$C,0)+2)} -> 258 | J12: =F12 -> Guilherme | K12: =IF(E12<>0,G12/E12,0) -> 2.0606061 | L12: =H12 -> Guilherme | M12: =IF(E12<>0,I12/E12,0) -> 7.8181818 | O12: Outubro | P12: =Resumo!AU152 -> 3 | Q12: =Resumo!AU163 -> 0.5
B13: =B12+1 -> 11 | C13: A/M | D13: Heraldo | E13: =VLOOKUP($D13,Resumo!$C$7:$G$147,5,FALSE) -> 20 | F13: =D13 -> Heraldo | G13: {=INDEX(Resumo!$G:$G,MATCH(D13,Resumo!$C:$C,0)+1)} -> 17 | H13: =D13 -> Heraldo | I13: {=INDEX(Resumo!$G:$G,MATCH(D13,Resumo!$C:$C,0)+2)} -> 137 | J13: =F13 -> Heraldo | K13: =IF(E13<>0,G13/E13,0) -> 0.85 | L13: =H13 -> Heraldo | M13: =IF(E13<>0,I13/E13,0) -> 6.85 | O13: Novembro | P13: =Resumo!AY152 -> 4 | Q13: =Resumo!AY163 -> 0.50735294
B14: =B13+1 -> 12 | C14: LD/LE | D14: Heraldo Jr | E14: =VLOOKUP($D14,Resumo!$C$7:$G$147,5,FALSE) -> 23 | F14: =D14 -> Heraldo Jr | G14: {=INDEX(Resumo!$G:$G,MATCH(D14,Resumo!$C:$C,0)+1)} -> 1 | H14: =D14 -> Heraldo Jr | I14: {=INDEX(Resumo!$G:$G,MATCH(D14,Resumo!$C:$C,0)+2)} -> 199 | J14: =F14 -> Heraldo Jr | K14: =IF(E14<>0,G14/E14,0) -> 0.043478261 | L14: =H14 -> Heraldo Jr | M14: =IF(E14<>0,I14/E14,0) -> 8.6521739 | O14: Dezembro | P14: =Resumo!BD152 -> 0 | Q14: =Resumo!BD163 -> 0
B15: =B14+1 -> 13 | C15: V/Z | D15: Hugo | E15: =VLOOKUP($D15,Resumo!$C$7:$G$147,5,FALSE) -> 37 | F15: =D15 -> Hugo | G15: {=INDEX(Resumo!$G:$G,MATCH(D15,Resumo!$C:$C,0)+1)} -> 20 | H15: =D15 -> Hugo | I15: {=INDEX(Resumo!$G:$G,MATCH(D15,Resumo!$C:$C,0)+2)} -> 302 | J15: =F15 -> Hugo | K15: =IF(E15<>0,G15/E15,0) -> 0.54054054 | L15: =H15 -> Hugo | M15: =IF(E15<>0,I15/E15,0) -> 8.1621622 | O15: Total | P15: =SUM(P3:P14) -> 38 | Q15: =Resumo!BI160 -> 0.53328173
B16: =B15+1 -> 14 | C16: LE/Z | D16: Joao | E16: =VLOOKUP($D16,Resumo!$C$7:$G$147,5,FALSE) -> 13 | F16: =D16 -> Joao | G16: {=INDEX(Resumo!$G:$G,MATCH(D16,Resumo!$C:$C,0)+1)} -> 3 | H16: =D16 -> Joao | I16: {=INDEX(Resumo!$G:$G,MATCH(D16,Resumo!$C:$C,0)+2)} -> 78 | J16: =F16 -> Joao | K16: =IF(E16<>0,G16/E16,0) -> 0.23076923 | L16: =H16 -> Joao | M16: =IF(E16<>0,I16/E16,0) -> 6
B17: =B16+1 -> 15 | C17: M/LD | D17: John | E17: =VLOOKUP($D17,Resumo!$C$7:$G$147,5,FALSE) -> 9 | F17: =D17 -> John | G17: {=INDEX(Resumo!$G:$G,MATCH(D17,Resumo!$C:$C,0)+1)} -> 3 | H17: =D17 -> John | I17: {=INDEX(Resumo!$G:$G,MATCH(D17,Resumo!$C:$C,0)+2)} -> 61 | J17: =F17 -> John | K17: =IF(E17<>0,G17/E17,0) -> 0.33333333 | L17: =H17 -> John | M17: =IF(E17<>0,I17/E17,0) -> 6.7777778
B18: =B17+1 -> 16 | C18: V/LD | D18: Juba | E18: =VLOOKUP($D18,Resumo!$C$7:$G$147,5,FALSE) -> 22 | F18: =D18 -> Juba | G18: {=INDEX(Resumo!$G:$G,MATCH(D18,Resumo!$C:$C,0)+1)} -> 10 | H18: =D18 -> Juba | I18: {=INDEX(Resumo!$G:$G,MATCH(D18,Resumo!$C:$C,0)+2)} -> 158 | J18: =F18 -> Juba | K18: =IF(E18<>0,G18/E18,0) -> 0.45454545 | L18: =H18 -> Juba | M18: =IF(E18<>0,I18/E18,0) -> 7.1818182
B19: =B18+1 -> 17 | C19: A/M | D19: Junior | E19: =VLOOKUP($D19,Resumo!$C$7:$G$147,5,FALSE) -> 4 | F19: =D19 -> Junior | G19: {=INDEX(Resumo!$G:$G,MATCH(D19,Resumo!$C:$C,0)+1)} -> 2 | H19: =D19 -> Junior | I19: {=INDEX(Resumo!$G:$G,MATCH(D19,Resumo!$C:$C,0)+2)} -> 17 | J19: =F19 -> Junior | K19: =IF(E19<>0,G19/E19,0) -> 0.5 | L19: =H19 -> Junior | M19: =IF(E19<>0,I19/E19,0) -> 4.25
B20: =B19+1 -> 18 | C20: M/A | D20: Kandido | E20: =VLOOKUP($D20,Resumo!$C$7:$G$147,5,FALSE) -> 15 | F20: =D20 -> Kandido | G20: {=INDEX(Resumo!$G:$G,MATCH(D20,Resumo!$C:$C,0)+1)} -> 23 | H20: =D20 -> Kandido | I20: {=INDEX(Resumo!$G:$G,MATCH(D20,Resumo!$C:$C,0)+2)} -> 114 | J20: =F20 -> Kandido | K20: =IF(E20<>0,G20/E20,0) -> 1.5333333 | L20: =H20 -> Kandido | M20: =IF(E20<>0,I20/E20,0) -> 7.6
B21: =B20+1 -> 19 | C21: Z/LD | D21: Kike | E21: =VLOOKUP($D21,Resumo!$C$7:$G$147,5,FALSE) -> 15 | F21: =D21 -> Kike | G21: {=INDEX(Resumo!$G:$G,MATCH(D21,Resumo!$C:$C,0)+1)} -> 1 | H21: =D21 -> Kike | I21: {=INDEX(Resumo!$G:$G,MATCH(D21,Resumo!$C:$C,0)+2)} -> 80 | J21: =F21 -> Kike | K21: =IF(E21<>0,G21/E21,0) -> 0.066666667 | L21: =H21 -> Kike | M21: =IF(E21<>0,I21/E21,0) -> 5.3333333
B22: =B21+1 -> 20 | C22: M/V | D22: Lazzari | E22: =VLOOKUP($D22,Resumo!$C$7:$G$147,5,FALSE) -> 27 | F22: =D22 -> Lazzari | G22: {=INDEX(Resumo!$G:$G,MATCH(D22,Resumo!$C:$C,0)+1)} -> 22 | H22: =D22 -> Lazzari | I22: {=INDEX(Resumo!$G:$G,MATCH(D22,Resumo!$C:$C,0)+2)} -> 216 | J22: =F22 -> Lazzari | K22: =IF(E22<>0,G22/E22,0) -> 0.81481481 | L22: =H22 -> Lazzari | M22: =IF(E22<>0,I22/E22,0) -> 8
B23: =B22+1 -> 21 | C23: LD/Z | D23: Leandro | E23: =VLOOKUP($D23,Resumo!$C$7:$G$147,5,FALSE) -> 18 | F23: =D23 -> Leandro | G23: {=INDEX(Resumo!$G:$G,MATCH(D23,Resumo!$C:$C,0)+1)} -> 2 | H23: =D23 -> Leandro | I23: {=INDEX(Resumo!$G:$G,MATCH(D23,Resumo!$C:$C,0)+2)} -> 110 | J23: =F23 -> Leandro | K23: =IF(E23<>0,G23/E23,0) -> 0.11111111 | L23: =H23 -> Leandro | M23: =IF(E23<>0,I23/E23,0) -> 6.1111111
B24: =B23+1 -> 22 | C24: LE/G | D24: Leo | E24: =VLOOKUP($D24,Resumo!$C$7:$G$147,5,FALSE) -> 20 | F24: =D24 -> Leo | G24: {=INDEX(Resumo!$G:$G,MATCH(D24,Resumo!$C:$C,0)+1)} -> 7 | H24: =D24 -> Leo | I24: {=INDEX(Resumo!$G:$G,MATCH(D24,Resumo!$C:$C,0)+2)} -> 156 | J24: =F24 -> Leo | K24: =IF(E24<>0,G24/E24,0) -> 0.35 | L24: =H24 -> Leo | M24: =IF(E24<>0,I24/E24,0) -> 7.8
B25: =B24+1 -> 23 | C25: LD/M | D25: Luiz | E25: =VLOOKUP($D25,Resumo!$C$7:$G$147,5,FALSE) -> 29 | F25: =D25 -> Luiz | G25: {=INDEX(Resumo!$G:$G,MATCH(D25,Resumo!$C:$C,0)+1)} -> 16 | H25: =D25 -> Luiz | I25: {=INDEX(Resumo!$G:$G,MATCH(D25,Resumo!$C:$C,0)+2)} -> 189 | J25: =F25 -> Luiz | K25: =IF(E25<>0,G25/E25,0) -> 0.55172414 | L25: =H25 -> Luiz | M25: =IF(E25<>0,I25/E25,0) -> 6.5172414
B26: =B25+1 -> 24 | C26: LE/V | D26: Luiz Fernando | E26: =VLOOKUP($D26,Resumo!$C$7:$G$147,5,FALSE) -> 29 | F26: =D26 -> Luiz Fernando | G26: {=INDEX(Resumo!$G:$G,MATCH(D26,Resumo!$C:$C,0)+1)} -> 3 | H26: =D26 -> Luiz Fernando | I26: {=INDEX(Resumo!$G:$G,MATCH(D26,Resumo!$C:$C,0)+2)} -> 200 | J26: =F26 -> Luiz Fernando | K26: =IF(E26<>0,G26/E26,0) -> 0.10344828 | L26: =H26 -> Luiz Fernando | M26: =IF(E26<>0,I26/E26,0) -> 6.8965517
B27: =B26+1 -> 25 | C27: M/V | D27: Marcelo | E27: =VLOOKUP($D27,Resumo!$C$7:$G$147,5,FALSE) -> 34 | F27: =D27 -> Marcelo | G27: {=INDEX(Resumo!$G:$G,MATCH(D27,Resumo!$C:$C,0)+1)} -> 20 | H27: =D27 -> Marcelo | I27: {=INDEX(Resumo!$G:$G,MATCH(D27,Resumo!$C:$C,0)+2)} -> 198 | J27: =F27 -> Marcelo | K27: =IF(E27<>0,G27/E27,0) -> 0.58823529 | L27: =H27 -> Marcelo | M27: =IF(E27<>0,I27/E27,0) -> 5.8235294
... B36: =B35+1 -> 34 | C36: V/Z | D36: Xinho | E36: =VLOOKUP($D36,Resumo!$C$7:$G$147,5,FALSE) -> 15 | F36: =D36 -> Xinho | G36: {=INDEX(Resumo!$G:$G,MATCH(D36,Resumo!$C:$C,0)+1)} -> 7 | H36: =D36 -> Xinho | I36: {=INDEX(Resumo!$G:$G,MATCH(D36,Resumo!$C:$C,0)+2)} -> 111 | J36: =F36 -> Xinho | K36: =IF(E36<>0,G36/E36,0) -> 0.46666667 | L36: =H36 -> Xinho | M36: =IF(E36<>0,I36/E36,0) -> 7.4
E41: =Resumo!C150 -> 38

Sheet Estat. Seleção
B1: Total de Jogos | D1: =Resumo!C150 -> 38
B2: Rank | C2: # | D2: Nome | E2: Seleção | F2: Nome | G2: Seleção/Domingo | H2: Nome | I2: Seleção/Total | J2: Nome | K2: % Presença | L2: Nome
B3: 1 | C3: V/Z | D3: Hugo | E3: 21 | F3: =D3 -> Hugo | G3: =E3/VLOOKUP($D3,Resumo!$C$7:$G$147,5,FALSE) -> 0.56756757 | H3: =D3 -> Hugo | I3: =E3/Resumo!$C$150 -> 0.55263158 | J3: =F3 -> Hugo | K3: =VLOOKUP($D3,Resumo!$C$7:$G$147,5,FALSE)/Resumo!$C$150 -> 0.97368421 | L3: =H3 -> Hugo
B4: =B3+1 -> 2 | C4: M/V | D4: Marcelo | E4: 13 | F4: =D4 -> Marcelo | G4: =E4/VLOOKUP($D4,Resumo!$C$7:$G$147,5,FALSE) -> 0.38235294 | H4: =D4 -> Marcelo | I4: =E4/Resumo!$C$150 -> 0.34210526 | J4: =F4 -> Marcelo | K4: =VLOOKUP($D4,Resumo!$C$7:$G$147,5,FALSE)/Resumo!$C$150 -> 0.89473684 | L4: =H4 -> Marcelo
B5: =B4+1 -> 3 | C5: M/A | D5: Guilherme | E5: 14 | F5: =D5 -> Guilherme | G5: =E5/VLOOKUP($D5,Resumo!$C$7:$G$147,5,FALSE) -> 0.42424242 | H5: =D5 -> Guilherme | I5: =E5/Resumo!$C$150 -> 0.36842105 | J5: =F5 -> Guilherme | K5: =VLOOKUP($D5,Resumo!$C$7:$G$147,5,FALSE)/Resumo!$C$150 -> 0.86842105 | L5: =H5 -> Guilherme
B6: =B5+1 -> 4 | C6: A/M | D6: Comeli | E6: 15 | F6: =D6 -> Comeli | G6: =E6/VLOOKUP($D6,Resumo!$C$7:$G$147,5,FALSE) -> 0.46875 | H6: =D6 -> Comeli | I6: =E6/Resumo!$C$150 -> 0.39473684 | J6: =F6 -> Comeli | K6: =VLOOKUP($D6,Resumo!$C$7:$G$147,5,FALSE)/Resumo!$C$150 -> 0.84210526 | L6: =H6 -> Comeli
B7: =B6+1 -> 5 | C7: M/V | D7: Fabinho | E7: 13 | F7: =D7 -> Fabinho | G7: =E7/VLOOKUP($D7,Resumo!$C$7:$G$147,5,FALSE) -> 0.44827586 | H7: =D7 -> Fabinho | I7: =E7/Resumo!$C$150 -> 0.34210526 | J7: =F7 -> Fabinho | K7: =VLOOKUP($D7,Resumo!$C$7:$G$147,5,FALSE)/Resumo!$C$150 -> 0.76315789 | L7: =H7 -> Fabinho
B8: =B7+1 -> 6 | C8: LD/M | D8: Luiz | E8: 13 | F8: =D8 -> Luiz | G8: =E8/VLOOKUP($D8,Resumo!$C$7:$G$147,5,FALSE) -> 0.44827586 | H8: =D8 -> Luiz | I8: =E8/Resumo!$C$150 -> 0.34210526 | J8: =F8 -> Luiz | K8: =VLOOKUP($D8,Resumo!$C$7:$G$147,5,FALSE)/Resumo!$C$150 -> 0.76315789 | L8: =H8 -> Luiz
B9: =B8+1 -> 7 | C9: LE/V | D9: Luiz Fernando | E9: 14 | F9: =D9 -> Luiz Fernando | G9: =E9/VLOOKUP($D9,Resumo!$C$7:$G$147,5,FALSE) -> 0.48275862 | H9: =D9 -> Luiz Fernando | I9: =E9/Resumo!$C$150 -> 0.36842105 | J9: =F9 -> Luiz Fernando | K9: =VLOOKUP($D9,Resumo!$C$7:$G$147,5,FALSE)/Resumo!$C$150 -> 0.76315789 | L9: =H9 -> Luiz Fernando
B10: =B9+1 -> 8 | C10: Z/V | D10: Andre | E10: 14 | F10: =D10 -> Andre | G10: =E10/VLOOKUP($D10,Resumo!$C$7:$G$147,5,FALSE) -> 0.5 | H10: =D10 -> Andre | I10: =E10/Resumo!$C$150 -> 0.36842105 | J10: =F10 -> Andre | K10: =VLOOKUP($D10,Resumo!$C$7:$G$147,5,FALSE)/Resumo!$C$150 -> 0.73684211 | L10: =H10 -> Andre
B11: =B10+1 -> 9 | C11: M/V | D11: Lazzari | E11: 14 | F11: =D11 -> Lazzari | G11: =E11/VLOOKUP($D11,Resumo!$C$7:$G$147,5,FALSE) -> 0.51851852 | H11: =D11 -> Lazzari | I11: =E11/Resumo!$C$150 -> 0.36842105 | J11: =F11 -> Lazzari | K11: =VLOOKUP($D11,Resumo!$C$7:$G$147,5,FALSE)/Resumo!$C$150 -> 0.71052632 | L11: =H11 -> Lazzari
B12: =B11+1 -> 10 | C12: M/V | D12: Bigode | E12: 19 | F12: =D12 -> Bigode | G12: =E12/VLOOKUP($D12,Resumo!$C$7:$G$147,5,FALSE) -> 0.76 | H12: =D12 -> Bigode | I12: =E12/Resumo!$C$150 -> 0.5 | J12: =F12 -> Bigode | K12: =VLOOKUP($D12,Resumo!$C$7:$G$147,5,FALSE)/Resumo!$C$150 -> 0.65789474 | L12: =H12 -> Bigode
B13: =B12+1 -> 11 | C13: Z/LE | D13: Fernando | E13: 9 | F13: =D13 -> Fernando | G13: =E13/VLOOKUP($D13,Resumo!$C$7:$G$147,5,FALSE) -> 0.39130435 | H13: =D13 -> Fernando | I13: =E13/Resumo!$C$150 -> 0.23684211 | J13: =F13 -> Fernando | K13: =VLOOKUP($D13,Resumo!$C$7:$G$147,5,FALSE)/Resumo!$C$150 -> 0.60526316 | L13: =H13 -> Fernando
B14: =B13+1 -> 12 | C14: LD/LE | D14: Heraldo Jr | E14: 13 | F14: =D14 -> Heraldo Jr | G14: =E14/VLOOKUP($D14,Resumo!$C$7:$G$147,5,FALSE) -> 0.56521739 | H14: =D14 -> Heraldo Jr | I14: =E14/Resumo!$C$150 -> 0.34210526 | J14: =F14 -> Heraldo Jr | K14: =VLOOKUP($D14,Resumo!$C$7:$G$147,5,FALSE)/Resumo!$C$150 -> 0.60526316 | L14: =H14 -> Heraldo Jr
B15: =B14+1 -> 13 | C15: LD/M | D15: Rafa Silva | E15: 10 | F15: =D15 -> Rafa Silva | G15: =E15/VLOOKUP($D15,Resumo!$C$7:$G$147,5,FALSE) -> 0.43478261 | H15: =D15 -> Rafa Silva | I15: =E15/Resumo!$C$150 -> 0.26315789 | J15: =F15 -> Rafa Silva | K15: =VLOOKUP($D15,Resumo!$C$7:$G$147,5,FALSE)/Resumo!$C$150 -> 0.60526316 | L15: =H15 -> Rafa Silva
... B36: =B35+1 -> 34 | C36: G | D36: Ralph | E36: 9 | F36: =D36 -> Ralph | G36: =E36/VLOOKUP($D36,Resumo!$C$7:$G$147,5,FALSE) -> 0.33333333 | H36: =D36 -> Ralph | I36: =E36/Resumo!$C$150 -> 0.23684211 | J36: =F36 -> Ralph | K36: =VLOOKUP($D36,Resumo!$C$7:$G$147,5,FALSE)/Resumo!$C$150 -> 0.71052632 | L36: =H36 -> Ralph

Sheet T
K2: =MID(CELL("filename",A1),FIND("]",CELL("filename",A1))+1,255) -> T | U2: # | V2: Nome | W2: J | X2: GF | Y2: GS | Z2: V | AA2: E | AB2: D | AC2: P | AD2: % | AE2: Extra | AF2: PT | AG2: Gols | AH2: GS/J | AI2: GF/J
K3: Jogo1 | U3: G | W3: =COUNTIF($C$2:$C$123,V3)+COUNTIF($S$2:$S$123,V3) -> 16 | X3: =SUMIF($C$2:$C$123,V3,$F$2:$F$123)+SUMIF($S$2:$S$123,V3,$M$2:$M$123) -> 0 | Y3: =SUMIF($C$2:$C$123,V3,$G$2:$G$123)+SUMIF($S$2:$S$123,V3,$N$2:$N$123) -> 0 | Z3: =SUMIF($C$2:$C$123,V3,$H$2:$H$123)+SUMIF($S$2:$S$123,V3,$O$2:$O$123) -> 0 | AA3: =SUMIF($C$2:$C$123,V3,$I$2:$I$123)+SUMIF($S$2:$S$123,V3,$P$2:P$123) -> 8 | AB3: =SUMIF($C$2:$C$123,V3,$J$2:$J$123)+SUMIF($S$2:$S$123,V3,$Q$2:$Q$123) -> 0 | AC3: =SUMIF($C$2:$C$123,V3,$E$2:$E$123)+SUMIF($S$2:$S$123,V3,$L$2:$L$123) -> 8 | AD3: =IFERROR(IF(W3>=($AI$42*$AI$43),(AC3)/(W3*3),"-"),"-") -> 0.16666667 | AE3: =IF(W3>0,IF(AH3=MIN($AH$3:$AH$5),2,0),) -> 2 | AF3: =IF(W3>0,IF(AD3=MAX($AD$3:$AD$5),AC3+AE3+2,AC3+AE3),) -> 12 | AG3: =SUMIF($C$2:$C$123,V3,$D$2:$D$123)+SUMIF($S$2:$S$123,V3,$R$2:$R$123) -> 0 | AH3: =IFERROR(IF(W3>=($AI$42*$AI$43),Y3/W3,"-"),"-") -> 0 | AI3: =IFERROR(IF(W3>=($AI$42*$AI$43),X3/W3,"-"),"-") -> 0
D4: =SUM(D5:D14) -> 0 | E4: P | F4: GA | G4: GC | H4: V | I4: E | J4: D | K4: x | L4: P | M4: GA | N4: GC | O4: V | P4: E | Q4: D | R4: =SUM(R5:R14) -> 0 | U4: G | W4: =COUNTIF($C$2:$C$123,V4)+COUNTIF($S$2:$S$123,V4) -> 16 | X4: =SUMIF($C$2:$C$123,V4,$F$2:$F$123)+SUMIF($S$2:$S$123,V4,$M$2:$M$123) -> 0 | Y4: =SUMIF($C$2:$C$123,V4,$G$2:$G$123)+SUMIF($S$2:$S$123,V4,$N$2:$N$123) -> 0 | Z4: =SUMIF($C$2:$C$123,V4,$H$2:$H$123)+SUMIF($S$2:$S$123,V4,$O$2:$O$123) -> 0 | AA4: =SUMIF($C$2:$C$123,V4,$I$2:$I$123)+SUMIF($S$2:$S$123,V4,$P$2:P$123) -> 8 | AB4: =SUMIF($C$2:$C$123,V4,$J$2:$J$123)+SUMIF($S$2:$S$123,V4,$Q$2:$Q$123) -> 0 | AC4: =SUMIF($C$2:$C$123,V4,$E$2:$E$123)+SUMIF($S$2:$S$123,V4,$L$2:$L$123) -> 8 | AD4: =IFERROR(IF(W4>=($AI$42*$AI$43),(AC4)/(W4*3),"-"),"-") -> 0.16666667 | AE4: =IF(W4>0,IF(AH4=MIN($AH$3:$AH$5),2,0),) -> 2 | AF4: =IF(W4>0,IF(AD4=MAX($AD$3:$AD$5),AC4+AE4+2,AC4+AE4),) -> 12 | AG4: =SUMIF($C$2:$C$123,V4,$D$2:$D$123)+SUMIF($S$2:$S$123,V4,$R$2:$R$123) -> 0 | AH4: =IFERROR(IF(W4>=($AI$42*$AI$43),Y4/W4,"-"),"-") -> 0 | AI4: =IFERROR(IF(W4>=($AI$42*$AI$43),X4/W4,"-"),"-") -> 0
B5: G | E5: =IF((C5=""),0,IF($D$4=$R$4,1,IF($D$4>$R$4,3,IF($D$4<$R$4,0)))) -> 0 | F5: =$D$4 -> 0 | G5: =$R$4 -> 0 | H5: =IF((C5=""),0,IF($D$4>$R$4,1,0)) -> 0 | I5: =IF((C5=""),0,IF($D$4=$R$4,1,0)) -> 0 | J5: =IF((C5=""),0,IF($D$4<$R$4,1,0)) -> 0 | L5: =IF((S5=""),0,IF($D$4=$R$4,1,IF($D$4<$R$4,3,IF($D$4>$R$4,0)))) -> 0 | M5: =$R$4 -> 0 | N5: =$D$4 -> 0 | O5: =IF((S5=""),0,IF($D$4<$R$4,1,0)) -> 0 | P5: =IF((S5=""),0,IF($D$4=$R$4,1,0)) -> 0 | Q5: =IF((S5=""),0,IF($D$4>$R$4,1,0)) -> 0 | U5: G | W5: =COUNTIF($C$2:$C$123,V5)+COUNTIF($S$2:$S$123,V5) -> 16 | X5: =SUMIF($C$2:$C$123,V5,$F$2:$F$123)+SUMIF($S$2:$S$123,V5,$M$2:$M$123) -> 0 | Y5: =SUMIF($C$2:$C$123,V5,$G$2:$G$123)+SUMIF($S$2:$S$123,V5,$N$2:$N$123) -> 0 | Z5: =SUMIF($C$2:$C$123,V5,$H$2:$H$123)+SUMIF($S$2:$S$123,V5,$O$2:$O$123) -> 0 | AA5: =SUMIF($C$2:$C$123,V5,$I$2:$I$123)+SUMIF($S$2:$S$123,V5,$P$2:P$123) -> 8 | AB5: =SUMIF($C$2:$C$123,V5,$J$2:$J$123)+SUMIF($S$2:$S$123,V5,$Q$2:$Q$123) -> 0 | AC5: =SUMIF($C$2:$C$123,V5,$E$2:$E$123)+SUMIF($S$2:$S$123,V5,$L$2:$L$123) -> 8 | AD5: =IFERROR(IF(W5>=($AI$42*$AI$43),(AC5)/(W5*3),"-"),"-") -> 0.16666667 | AE5: =IF(W5>0,IF(AH5=MIN($AH$3:$AH$5),2,0),) -> 2 | AF5: =IF(W5>0,IF(AD5=MAX($AD$3:$AD$5),AC5+AE5+2,AC5+AE5),) -> 12 | AG5: =SUMIF($C$2:$C$123,V5,$D$2:$D$123)+SUMIF($S$2:$S$123,V5,$R$2:$R$123) -> 0 | AH5: =IFERROR(IF(W5>=($AI$42*$AI$43),Y5/W5,"-"),"-") -> 0 | AI5: =IFERROR(IF(W5>=($AI$42*$AI$43),X5/W5,"-"),"-") -> 0
B6: Z | E6: =IF((C6=""),0,IF($D$4=$R$4,1,IF($D$4>$R$4,3,IF($D$4<$R$4,0)))) -> 0 | F6: =$D$4 -> 0 | G6: =$R$4 -> 0 | H6: =IF((C6=""),0,IF($D$4>$R$4,1,0)) -> 0 | I6: =IF((C6=""),0,IF($D$4=$R$4,1,0)) -> 0 | J6: =IF((C6=""),0,IF($D$4<$R$4,1,0)) -> 0 | L6: =IF((S6=""),0,IF($D$4=$R$4,1,IF($D$4<$R$4,3,IF($D$4>$R$4,0)))) -> 0 | M6: =$R$4 -> 0 | N6: =$D$4 -> 0 | O6: =IF((S6=""),0,IF($D$4<$R$4,1,0)) -> 0 | P6: =IF((S6=""),0,IF($D$4=$R$4,1,0)) -> 0 | Q6: =IF((S6=""),0,IF($D$4>$R$4,1,0)) -> 0 | U6: Z | W6: =COUNTIF($C$2:$C$123,V6)+COUNTIF($S$2:$S$123,V6) -> 16 | X6: =SUMIF($C$2:$C$123,V6,$F$2:$F$123)+SUMIF($S$2:$S$123,V6,$M$2:$M$123) -> 0 | Y6: =SUMIF($C$2:$C$123,V6,$G$2:$G$123)+SUMIF($S$2:$S$123,V6,$N$2:$N$123) -> 0 | Z6: =SUMIF($C$2:$C$123,V6,$H$2:$H$123)+SUMIF($S$2:$S$123,V6,$O$2:$O$123) -> 0 | AA6: =SUMIF($C$2:$C$123,V6,$I$2:$I$123)+SUMIF($S$2:$S$123,V6,$P$2:P$123) -> 8 | AB6: =SUMIF($C$2:$C$123,V6,$J$2:$J$123)+SUMIF($S$2:$S$123,V6,$Q$2:$Q$123) -> 0 | AC6: =SUMIF($C$2:$C$123,V6,$E$2:$E$123)+SUMIF($S$2:$S$123,V6,$L$2:$L$123) -> 8 | AD6: =IFERROR(IF(W6>=($AI$42*$AI$43),(AC6)/(W6*3),"-"),"-") -> 0.16666667 | AE6: =IF(W6>0,IF(AH6=MIN($AH$6:$AH$10),2,0),) -> 2 | AF6: =IF(W6>0,IF(AD6=MAX($AD$6:$AD$10),AC6+AE6+2,AC6+AE6),) -> 12 | AG6: =SUMIF($C$2:$C$123,V6,$D$2:$D$123)+SUMIF($S$2:$S$123,V6,$R$2:$R$123) -> 0 | AH6: =IFERROR(IF(W6>=($AI$42*$AI$43),Y6/W6,"-"),"-") -> 0 | AI6: =IFERROR(IF(W6>=($AI$42*$AI$43),X6/W6,"-"),"-") -> 0
B7: LD | E7: =IF((C7=""),0,IF($D$4=$R$4,1,IF($D$4>$R$4,3,IF($D$4<$R$4,0)))) -> 0 | F7: =$D$4 -> 0 | G7: =$R$4 -> 0 | H7: =IF((C7=""),0,IF($D$4>$R$4,1,0)) -> 0 | I7: =IF((C7=""),0,IF($D$4=$R$4,1,0)) -> 0 | J7: =IF((C7=""),0,IF($D$4<$R$4,1,0)) -> 0 | L7: =IF((S7=""),0,IF($D$4=$R$4,1,IF($D$4<$R$4,3,IF($D$4>$R$4,0)))) -> 0 | M7: =$R$4 -> 0 | N7: =$D$4 -> 0 | O7: =IF((S7=""),0,IF($D$4<$R$4,1,0)) -> 0 | P7: =IF((S7=""),0,IF($D$4=$R$4,1,0)) -> 0 | Q7: =IF((S7=""),0,IF($D$4>$R$4,1,0)) -> 0 | U7: Z | W7: =COUNTIF($C$2:$C$123,V7)+COUNTIF($S$2:$S$123,V7) -> 16 | X7: =SUMIF($C$2:$C$123,V7,$F$2:$F$123)+SUMIF($S$2:$S$123,V7,$M$2:$M$123) -> 0 | Y7: =SUMIF($C$2:$C$123,V7,$G$2:$G$123)+SUMIF($S$2:$S$123,V7,$N$2:$N$123) -> 0 | Z7: =SUMIF($C$2:$C$123,V7,$H$2:$H$123)+SUMIF($S$2:$S$123,V7,$O$2:$O$123) -> 0 | AA7: =SUMIF($C$2:$C$123,V7,$I$2:$I$123)+SUMIF($S$2:$S$123,V7,$P$2:P$123) -> 8 | AB7: =SUMIF($C$2:$C$123,V7,$J$2:$J$123)+SUMIF($S$2:$S$123,V7,$Q$2:$Q$123) -> 0 | AC7: =SUMIF($C$2:$C$123,V7,$E$2:$E$123)+SUMIF($S$2:$S$123,V7,$L$2:$L$123) -> 8 | AD7: =IFERROR(IF(W7>=($AI$42*$AI$43),(AC7)/(W7*3),"-"),"-") -> 0.16666667 | AE7: =IF(W7>0,IF(AH7=MIN($AH$6:$AH$10),2,0),) -> 2 | AF7: =IF(W7>0,IF(AD7=MAX($AD$6:$AD$10),AC7+AE7+2,AC7+AE7),) -> 12 | AG7: =SUMIF($C$2:$C$123,V7,$D$2:$D$123)+SUMIF($S$2:$S$123,V7,$R$2:$R$123) -> 0 | AH7: =IFERROR(IF(W7>=($AI$42*$AI$43),Y7/W7,"-"),"-") -> 0 | AI7: =IFERROR(IF(W7>=($AI$42*$AI$43),X7/W7,"-"),"-") -> 0
B8: LE | E8: =IF((C8=""),0,IF($D$4=$R$4,1,IF($D$4>$R$4,3,IF($D$4<$R$4,0)))) -> 0 | F8: =$D$4 -> 0 | G8: =$R$4 -> 0 | H8: =IF((C8=""),0,IF($D$4>$R$4,1,0)) -> 0 | I8: =IF((C8=""),0,IF($D$4=$R$4,1,0)) -> 0 | J8: =IF((C8=""),0,IF($D$4<$R$4,1,0)) -> 0 | L8: =IF((S8=""),0,IF($D$4=$R$4,1,IF($D$4<$R$4,3,IF($D$4>$R$4,0)))) -> 0 | M8: =$R$4 -> 0 | N8: =$D$4 -> 0 | O8: =IF((S8=""),0,IF($D$4<$R$4,1,0)) -> 0 | P8: =IF((S8=""),0,IF($D$4=$R$4,1,0)) -> 0 | Q8: =IF((S8=""),0,IF($D$4>$R$4,1,0)) -> 0 | U8: Z | W8: =COUNTIF($C$2:$C$123,V8)+COUNTIF($S$2:$S$123,V8) -> 16 | X8: =SUMIF($C$2:$C$123,V8,$F$2:$F$123)+SUMIF($S$2:$S$123,V8,$M$2:$M$123) -> 0 | Y8: =SUMIF($C$2:$C$123,V8,$G$2:$G$123)+SUMIF($S$2:$S$123,V8,$N$2:$N$123) -> 0 | Z8: =SUMIF($C$2:$C$123,V8,$H$2:$H$123)+SUMIF($S$2:$S$123,V8,$O$2:$O$123) -> 0 | AA8: =SUMIF($C$2:$C$123,V8,$I$2:$I$123)+SUMIF($S$2:$S$123,V8,$P$2:P$123) -> 8 | AB8: =SUMIF($C$2:$C$123,V8,$J$2:$J$123)+SUMIF($S$2:$S$123,V8,$Q$2:$Q$123) -> 0 | AC8: =SUMIF($C$2:$C$123,V8,$E$2:$E$123)+SUMIF($S$2:$S$123,V8,$L$2:$L$123) -> 8 | AD8: =IFERROR(IF(W8>=($AI$42*$AI$43),(AC8)/(W8*3),"-"),"-") -> 0.16666667 | AE8: =IF(W8>0,IF(AH8=MIN($AH$6:$AH$10),2,0),) -> 2 | AF8: =IF(W8>0,IF(AD8=MAX($AD$6:$AD$10),AC8+AE8+2,AC8+AE8),) -> 12 | AG8: =SUMIF($C$2:$C$123,V8,$D$2:$D$123)+SUMIF($S$2:$S$123,V8,$R$2:$R$123) -> 0 | AH8: =IFERROR(IF(W8>=($AI$42*$AI$43),Y8/W8,"-"),"-") -> 0 | AI8: =IFERROR(IF(W8>=($AI$42*$AI$43),X8/W8,"-"),"-") -> 0 | BB8: Atacante
B9: V | E9: =IF((C9=""),0,IF($D$4=$R$4,1,IF($D$4>$R$4,3,IF($D$4<$R$4,0)))) -> 0 | F9: =$D$4 -> 0 | G9: =$R$4 -> 0 | H9: =IF((C9=""),0,IF($D$4>$R$4,1,0)) -> 0 | I9: =IF((C9=""),0,IF($D$4=$R$4,1,0)) -> 0 | J9: =IF((C9=""),0,IF($D$4<$R$4,1,0)) -> 0 | L9: =IF((S9=""),0,IF($D$4=$R$4,1,IF($D$4<$R$4,3,IF($D$4>$R$4,0)))) -> 0 | M9: =$R$4 -> 0 | N9: =$D$4 -> 0 | O9: =IF((S9=""),0,IF($D$4<$R$4,1,0)) -> 0 | P9: =IF((S9=""),0,IF($D$4=$R$4,1,0)) -> 0 | Q9: =IF((S9=""),0,IF($D$4>$R$4,1,0)) -> 0 | U9: Z | W9: =COUNTIF($C$2:$C$123,V9)+COUNTIF($S$2:$S$123,V9) -> 16 | X9: =SUMIF($C$2:$C$123,V9,$F$2:$F$123)+SUMIF($S$2:$S$123,V9,$M$2:$M$123) -> 0 | Y9: =SUMIF($C$2:$C$123,V9,$G$2:$G$123)+SUMIF($S$2:$S$123,V9,$N$2:$N$123) -> 0 | Z9: =SUMIF($C$2:$C$123,V9,$H$2:$H$123)+SUMIF($S$2:$S$123,V9,$O$2:$O$123) -> 0 | AA9: =SUMIF($C$2:$C$123,V9,$I$2:$I$123)+SUMIF($S$2:$S$123,V9,$P$2:P$123) -> 8 | AB9: =SUMIF($C$2:$C$123,V9,$J$2:$J$123)+SUMIF($S$2:$S$123,V9,$Q$2:$Q$123) -> 0 | AC9: =SUMIF($C$2:$C$123,V9,$E$2:$E$123)+SUMIF($S$2:$S$123,V9,$L$2:$L$123) -> 8 | AD9: =IFERROR(IF(W9>=($AI$42*$AI$43),(AC9)/(W9*3),"-"),"-") -> 0.16666667 | AE9: =IF(W9>0,IF(AH9=MIN($AH$6:$AH$10),2,0),) -> 2 | AF9: =IF(W9>0,IF(AD9=MAX($AD$6:$AD$10),AC9+AE9+2,AC9+AE9),) -> 12 | AG9: =SUMIF($C$2:$C$123,V9,$D$2:$D$123)+SUMIF($S$2:$S$123,V9,$R$2:$R$123) -> 0 | AH9: =IFERROR(IF(W9>=($AI$42*$AI$43),Y9/W9,"-"),"-") -> 0 | AI9: =IFERROR(IF(W9>=($AI$42*$AI$43),X9/W9,"-"),"-") -> 0
B10: M | E10: =IF((C10=""),0,IF($D$4=$R$4,1,IF($D$4>$R$4,3,IF($D$4<$R$4,0)))) -> 0 | F10: =$D$4 -> 0 | G10: =$R$4 -> 0 | H10: =IF((C10=""),0,IF($D$4>$R$4,1,0)) -> 0 | I10: =IF((C10=""),0,IF($D$4=$R$4,1,0)) -> 0 | J10: =IF((C10=""),0,IF($D$4<$R$4,1,0)) -> 0 | L10: =IF((S10=""),0,IF($D$4=$R$4,1,IF($D$4<$R$4,3,IF($D$4>$R$4,0)))) -> 0 | M10: =$R$4 -> 0 | N10: =$D$4 -> 0 | O10: =IF((S10=""),0,IF($D$4<$R$4,1,0)) -> 0 | P10: =IF((S10=""),0,IF($D$4=$R$4,1,0)) -> 0 | Q10: =IF((S10=""),0,IF($D$4>$R$4,1,0)) -> 0 | U10: Z | W10: =COUNTIF($C$2:$C$123,V10)+COUNTIF($S$2:$S$123,V10) -> 16 | X10: =SUMIF($C$2:$C$123,V10,$F$2:$F$123)+SUMIF($S$2:$S$123,V10,$M$2:$M$123) -> 0 | Y10: =SUMIF($C$2:$C$123,V10,$G$2:$G$123)+SUMIF($S$2:$S$123,V10,$N$2:$N$123) -> 0 | Z10: =SUMIF($C$2:$C$123,V10,$H$2:$H$123)+SUMIF($S$2:$S$123,V10,$O$2:$O$123) -> 0 | AA10: =SUMIF($C$2:$C$123,V10,$I$2:$I$123)+SUMIF($S$2:$S$123,V10,$P$2:P$123) -> 8 | AB10: =SUMIF($C$2:$C$123,V10,$J$2:$J$123)+SUMIF($S$2:$S$123,V10,$Q$2:$Q$123) -> 0 | AC10: =SUMIF($C$2:$C$123,V10,$E$2:$E$123)+SUMIF($S$2:$S$123,V10,$L$2:$L$123) -> 8 | AD10: =IFERROR(IF(W10>=($AI$42*$AI$43),(AC10)/(W10*3),"-"),"-") -> 0.16666667 | AE10: =IF(W10>0,IF(AH10=MIN($AH$6:$AH$10),2,0),) -> 2 | AF10: =IF(W10>0,IF(AD10=MAX($AD$6:$AD$10),AC10+AE10+2,AC10+AE10),) -> 12 | AG10: =SUMIF($C$2:$C$123,V10,$D$2:$D$123)+SUMIF($S$2:$S$123,V10,$R$2:$R$123) -> 0 | AH10: =IFERROR(IF(W10>=($AI$42*$AI$43),Y10/W10,"-"),"-") -> 0 | AI10: =IFERROR(IF(W10>=($AI$42*$AI$43),X10/W10,"-"),"-") -> 0
B11: M | E11: =IF((C11=""),0,IF($D$4=$R$4,1,IF($D$4>$R$4,3,IF($D$4<$R$4,0)))) -> 0 | F11: =$D$4 -> 0 | G11: =$R$4 -> 0 | H11: =IF((C11=""),0,IF($D$4>$R$4,1,0)) -> 0 | I11: =IF((C11=""),0,IF($D$4=$R$4,1,0)) -> 0 | J11: =IF((C11=""),0,IF($D$4<$R$4,1,0)) -> 0 | L11: =IF((S11=""),0,IF($D$4=$R$4,1,IF($D$4<$R$4,3,IF($D$4>$R$4,0)))) -> 0 | M11: =$R$4 -> 0 | N11: =$D$4 -> 0 | O11: =IF((S11=""),0,IF($D$4<$R$4,1,0)) -> 0 | P11: =IF((S11=""),0,IF($D$4=$R$4,1,0)) -> 0 | Q11: =IF((S11=""),0,IF($D$4>$R$4,1,0)) -> 0 | U11: LD/LE | W11: =COUNTIF($C$2:$C$123,V11)+COUNTIF($S$2:$S$123,V11) -> 16 | X11: =SUMIF($C$2:$C$123,V11,$F$2:$F$123)+SUMIF($S$2:$S$123,V11,$M$2:$M$123) -> 0 | Y11: =SUMIF($C$2:$C$123,V11,$G$2:$G$123)+SUMIF($S$2:$S$123,V11,$N$2:$N$123) -> 0 | Z11: =SUMIF($C$2:$C$123,V11,$H$2:$H$123)+SUMIF($S$2:$S$123,V11,$O$2:$O$123) -> 0 | AA11: =SUMIF($C$2:$C$123,V11,$I$2:$I$123)+SUMIF($S$2:$S$123,V11,$P$2:P$123) -> 8 | AB11: =SUMIF($C$2:$C$123,V11,$J$2:$J$123)+SUMIF($S$2:$S$123,V11,$Q$2:$Q$123) -> 0 | AC11: =SUMIF($C$2:$C$123,V11,$E$2:$E$123)+SUMIF($S$2:$S$123,V11,$L$2:$L$123) -> 8 | AD11: =IFERROR(IF(W11>=($AI$42*$AI$43),(AC11)/(W11*3),"-"),"-") -> 0.16666667 | AE11: =IF(W11>0,IF(OR(SMALL($AH$11:$AH$18,2)=AH11,SMALL($AH$11:$AH$18,1)=AH11),2,0),) -> 2 | AF11: =IF(W11>0,IF(OR(LARGE($AD$11:$AD$18,2)=AD11,LARGE($AD$11:$AD$18,1)=AD11),AC11+AE11+2,AC11+AE11),) -> 12 | AG11: =SUMIF($C$2:$C$123,V11,$D$2:$D$123)+SUMIF($S$2:$S$123,V11,$R$2:$R$123) -> 0 | AH11: =IFERROR(IF(W11>=($AI$42*$AI$43),Y11/W11,"-"),"-") -> 0 | AI11: =IFERROR(IF(W11>=($AI$42*$AI$43),X11/W11,"-"),"-") -> 0
B12: A | E12: =IF((C12=""),0,IF($D$4=$R$4,1,IF($D$4>$R$4,3,IF($D$4<$R$4,0)))) -> 0 | F12: =$D$4 -> 0 | G12: =$R$4 -> 0 | H12: =IF((C12=""),0,IF($D$4>$R$4,1,0)) -> 0 | I12: =IF((C12=""),0,IF($D$4=$R$4,1,0)) -> 0 | J12: =IF((C12=""),0,IF($D$4<$R$4,1,0)) -> 0 | L12: =IF((S12=""),0,IF($D$4=$R$4,1,IF($D$4<$R$4,3,IF($D$4>$R$4,0)))) -> 0 | M12: =$R$4 -> 0 | N12: =$D$4 -> 0 | O12: =IF((S12=""),0,IF($D$4<$R$4,1,0)) -> 0 | P12: =IF((S12=""),0,IF($D$4=$R$4,1,0)) -> 0 | Q12: =IF((S12=""),0,IF($D$4>$R$4,1,0)) -> 0 | U12: LD/LE | W12: =COUNTIF($C$2:$C$123,V12)+COUNTIF($S$2:$S$123,V12) -> 16 | X12: =SUMIF($C$2:$C$123,V12,$F$2:$F$123)+SUMIF($S$2:$S$123,V12,$M$2:$M$123) -> 0 | Y12: =SUMIF($C$2:$C$123,V12,$G$2:$G$123)+SUMIF($S$2:$S$123,V12,$N$2:$N$123) -> 0 | Z12: =SUMIF($C$2:$C$123,V12,$H$2:$H$123)+SUMIF($S$2:$S$123,V12,$O$2:$O$123) -> 0 | AA12: =SUMIF($C$2:$C$123,V12,$I$2:$I$123)+SUMIF($S$2:$S$123,V12,$P$2:P$123) -> 8 | AB12: =SUMIF($C$2:$C$123,V12,$J$2:$J$123)+SUMIF($S$2:$S$123,V12,$Q$2:$Q$123) -> 0 | AC12: =SUMIF($C$2:$C$123,V12,$E$2:$E$123)+SUMIF($S$2:$S$123,V12,$L$2:$L$123) -> 8 | AD12: =IFERROR(IF(W12>=($AI$42*$AI$43),(AC12)/(W12*3),"-"),"-") -> 0.16666667 | AE12: =IF(W12>0,IF(OR(SMALL($AH$11:$AH$18,2)=AH12,SMALL($AH$11:$AH$18,1)=AH12),2,0),) -> 2 | AF12: =IF(W12>0,IF(OR(LARGE($AD$11:$AD$18,2)=AD12,LARGE($AD$11:$AD$18,1)=AD12),AC12+AE12+2,AC12+AE12),) -> 12 | AG12: =SUMIF($C$2:$C$123,V12,$D$2:$D$123)+SUMIF($S$2:$S$123,V12,$R$2:$R$123) -> 0 | AH12: =IFERROR(IF(W12>=($AI$42*$AI$43),Y12/W12,"-"),"-") -> 0 | AI12: =IFERROR(IF(W12>=($AI$42*$AI$43),X12/W12,"-"),"-") -> 0
B13: S | E13: =IF((C13=""),0,IF($D$4=$R$4,1,IF($D$4>$R$4,3,IF($D$4<$R$4,0)))) -> 0 | F13: =$D$4 -> 0 | G13: =$R$4 -> 0 | H13: =IF((C13=""),0,IF($D$4>$R$4,1,0)) -> 0 | I13: =IF((C13=""),0,IF($D$4=$R$4,1,0)) -> 0 | J13: =IF((C13=""),0,IF($D$4<$R$4,1,0)) -> 0 | L13: =IF((S13=""),0,IF($D$4=$R$4,1,IF($D$4<$R$4,3,IF($D$4>$R$4,0)))) -> 0 | M13: =$R$4 -> 0 | N13: =$D$4 -> 0 | O13: =IF((S13=""),0,IF($D$4<$R$4,1,0)) -> 0 | P13: =IF((S13=""),0,IF($D$4=$R$4,1,0)) -> 0 | Q13: =IF((S13=""),0,IF($D$4>$R$4,1,0)) -> 0 | U13: LD/LE | W13: =COUNTIF($C$2:$C$123,V13)+COUNTIF($S$2:$S$123,V13) -> 16 | X13: =SUMIF($C$2:$C$123,V13,$F$2:$F$123)+SUMIF($S$2:$S$123,V13,$M$2:$M$123) -> 0 | Y13: =SUMIF($C$2:$C$123,V13,$G$2:$G$123)+SUMIF($S$2:$S$123,V13,$N$2:$N$123) -> 0 | Z13: =SUMIF($C$2:$C$123,V13,$H$2:$H$123)+SUMIF($S$2:$S$123,V13,$O$2:$O$123) -> 0 | AA13: =SUMIF($C$2:$C$123,V13,$I$2:$I$123)+SUMIF($S$2:$S$123,V13,$P$2:P$123) -> 8 | AB13: =SUMIF($C$2:$C$123,V13,$J$2:$J$123)+SUMIF($S$2:$S$123,V13,$Q$2:$Q$123) -> 0 | AC13: =SUMIF($C$2:$C$123,V13,$E$2:$E$123)+SUMIF($S$2:$S$123,V13,$L$2:$L$123) -> 8 | AD13: =IFERROR(IF(W13>=($AI$42*$AI$43),(AC13)/(W13*3),"-"),"-") -> 0.16666667 | AE13: =IF(W13>0,IF(OR(SMALL($AH$11:$AH$18,2)=AH13,SMALL($AH$11:$AH$18,1)=AH13),2,0),) -> 2 | AF13: =IF(W13>0,IF(OR(LARGE($AD$11:$AD$18,2)=AD13,LARGE($AD$11:$AD$18,1)=AD13),AC13+AE13+2,AC13+AE13),) -> 12 | AG13: =SUMIF($C$2:$C$123,V13,$D$2:$D$123)+SUMIF($S$2:$S$123,V13,$R$2:$R$123) -> 0 | AH13: =IFERROR(IF(W13>=($AI$42*$AI$43),Y13/W13,"-"),"-") -> 0 | AI13: =IFERROR(IF(W13>=($AI$42*$AI$43),X13/W13,"-"),"-") -> 0
B14: S | E14: =IF((C14=""),0,IF($D$4=$R$4,1,IF($D$4>$R$4,3,IF($D$4<$R$4,0)))) -> 0 | F14: =$D$4 -> 0 | G14: =$R$4 -> 0 | H14: =IF((C14=""),0,IF($D$4>$R$4,1,0)) -> 0 | I14: =IF((C14=""),0,IF($D$4=$R$4,1,0)) -> 0 | J14: =IF((C14=""),0,IF($D$4<$R$4,1,0)) -> 0 | L14: =IF((S14=""),0,IF($D$4=$R$4,1,IF($D$4<$R$4,3,IF($D$4>$R$4,0)))) -> 0 | M14: =$R$4 -> 0 | N14: =$D$4 -> 0 | O14: =IF((S14=""),0,IF($D$4<$R$4,1,0)) -> 0 | P14: =IF((S14=""),0,IF($D$4=$R$4,1,0)) -> 0 | Q14: =IF((S14=""),0,IF($D$4>$R$4,1,0)) -> 0 | U14: LD/LE | W14: =COUNTIF($C$2:$C$123,V14)+COUNTIF($S$2:$S$123,V14) -> 16 | X14: =SUMIF($C$2:$C$123,V14,$F$2:$F$123)+SUMIF($S$2:$S$123,V14,$M$2:$M$123) -> 0 | Y14: =SUMIF($C$2:$C$123,V14,$G$2:$G$123)+SUMIF($S$2:$S$123,V14,$N$2:$N$123) -> 0 | Z14: =SUMIF($C$2:$C$123,V14,$H$2:$H$123)+SUMIF($S$2:$S$123,V14,$O$2:$O$123) -> 0 | AA14: =SUMIF($C$2:$C$123,V14,$I$2:$I$123)+SUMIF($S$2:$S$123,V14,$P$2:P$123) -> 8 | AB14: =SUMIF($C$2:$C$123,V14,$J$2:$J$123)+SUMIF($S$2:$S$123,V14,$Q$2:$Q$123) -> 0 | AC14: =SUMIF($C$2:$C$123,V14,$E$2:$E$123)+SUMIF($S$2:$S$123,V14,$L$2:$L$123) -> 8 | AD14: =IFERROR(IF(W14>=($AI$42*$AI$43),(AC14)/(W14*3),"-"),"-") -> 0.16666667 | AE14: =IF(W14>0,IF(OR(SMALL($AH$11:$AH$18,2)=AH14,SMALL($AH$11:$AH$18,1)=AH14),2,0),) -> 2 | AF14: =IF(W14>0,IF(OR(LARGE($AD$11:$AD$18,2)=AD14,LARGE($AD$11:$AD$18,1)=AD14),AC14+AE14+2,AC14+AE14),) -> 12 | AG14: =SUMIF($C$2:$C$123,V14,$D$2:$D$123)+SUMIF($S$2:$S$123,V14,$R$2:$R$123) -> 0 | AH14: =IFERROR(IF(W14>=($AI$42*$AI$43),Y14/W14,"-"),"-") -> 0 | AI14: =IFERROR(IF(W14>=($AI$42*$AI$43),X14/W14,"-"),"-") -> 0 | AV14: Meio Campo 1 | BH14: Meio Campo 2
U15: LD/LE | W15: =COUNTIF($C$2:$C$123,V15)+COUNTIF($S$2:$S$123,V15) -> 16 | X15: =SUMIF($C$2:$C$123,V15,$F$2:$F$123)+SUMIF($S$2:$S$123,V15,$M$2:$M$123) -> 0 | Y15: =SUMIF($C$2:$C$123,V15,$G$2:$G$123)+SUMIF($S$2:$S$123,V15,$N$2:$N$123) -> 0 | Z15: =SUMIF($C$2:$C$123,V15,$H$2:$H$123)+SUMIF($S$2:$S$123,V15,$O$2:$O$123) -> 0 | AA15: =SUMIF($C$2:$C$123,V15,$I$2:$I$123)+SUMIF($S$2:$S$123,V15,$P$2:P$123) -> 8 | AB15: =SUMIF($C$2:$C$123,V15,$J$2:$J$123)+SUMIF($S$2:$S$123,V15,$Q$2:$Q$123) -> 0 | AC15: =SUMIF($C$2:$C$123,V15,$E$2:$E$123)+SUMIF($S$2:$S$123,V15,$L$2:$L$123) -> 8 | AD15: =IFERROR(IF(W15>=($AI$42*$AI$43),(AC15)/(W15*3),"-"),"-") -> 0.16666667 | AE15: =IF(W15>0,IF(OR(SMALL($AH$11:$AH$18,2)=AH15,SMALL($AH$11:$AH$18,1)=AH15),2,0),) -> 2 | AF15: =IF(W15>0,IF(OR(LARGE($AD$11:$AD$18,2)=AD15,LARGE($AD$11:$AD$18,1)=AD15),AC15+AE15+2,AC15+AE15),) -> 12 | AG15: =SUMIF($C$2:$C$123,V15,$D$2:$D$123)+SUMIF($S$2:$S$123,V15,$R$2:$R$123) -> 0 | AH15: =IFERROR(IF(W15>=($AI$42*$AI$43),Y15/W15,"-"),"-") -> 0 | AI15: =IFERROR(IF(W15>=($AI$42*$AI$43),X15/W15,"-"),"-") -> 0
K16: Jogo2 | U16: LD/LE | W16: =COUNTIF($C$2:$C$123,V16)+COUNTIF($S$2:$S$123,V16) -> 16 | X16: =SUMIF($C$2:$C$123,V16,$F$2:$F$123)+SUMIF($S$2:$S$123,V16,$M$2:$M$123) -> 0 | Y16: =SUMIF($C$2:$C$123,V16,$G$2:$G$123)+SUMIF($S$2:$S$123,V16,$N$2:$N$123) -> 0 | Z16: =SUMIF($C$2:$C$123,V16,$H$2:$H$123)+SUMIF($S$2:$S$123,V16,$O$2:$O$123) -> 0 | AA16: =SUMIF($C$2:$C$123,V16,$I$2:$I$123)+SUMIF($S$2:$S$123,V16,$P$2:P$123) -> 8 | AB16: =SUMIF($C$2:$C$123,V16,$J$2:$J$123)+SUMIF($S$2:$S$123,V16,$Q$2:$Q$123) -> 0 | AC16: =SUMIF($C$2:$C$123,V16,$E$2:$E$123)+SUMIF($S$2:$S$123,V16,$L$2:$L$123) -> 8 | AD16: =IFERROR(IF(W16>=($AI$42*$AI$43),(AC16)/(W16*3),"-"),"-") -> 0.16666667 | AE16: =IF(W16>0,IF(OR(SMALL($AH$11:$AH$18,2)=AH16,SMALL($AH$11:$AH$18,1)=AH16),2,0),) -> 2 | AF16: =IF(W16>0,IF(OR(LARGE($AD$11:$AD$18,2)=AD16,LARGE($AD$11:$AD$18,1)=AD16),AC16+AE16+2,AC16+AE16),) -> 12 | AG16: =SUMIF($C$2:$C$123,V16,$D$2:$D$123)+SUMIF($S$2:$S$123,V16,$R$2:$R$123) -> 0 | AH16: =IFERROR(IF(W16>=($AI$42*$AI$43),Y16/W16,"-"),"-") -> 0 | AI16: =IFERROR(IF(W16>=($AI$42*$AI$43),X16/W16,"-"),"-") -> 0
C17: =S4 -> 0 | D17: =SUM(D18:D27) -> 0 | E17: P | F17: GA | G17: GC | H17: V | I17: E | J17: D | K17: x | L17: P | M17: GA | N17: GC | O17: V | P17: E | Q17: D | R17: =SUM(R18:R27) -> 0 | S17: =C4 -> 0 | U17: LD/LE | W17: =COUNTIF($C$2:$C$123,V17)+COUNTIF($S$2:$S$123,V17) -> 16 | X17: =SUMIF($C$2:$C$123,V17,$F$2:$F$123)+SUMIF($S$2:$S$123,V17,$M$2:$M$123) -> 0 | Y17: =SUMIF($C$2:$C$123,V17,$G$2:$G$123)+SUMIF($S$2:$S$123,V17,$N$2:$N$123) -> 0 | Z17: =SUMIF($C$2:$C$123,V17,$H$2:$H$123)+SUMIF($S$2:$S$123,V17,$O$2:$O$123) -> 0 | AA17: =SUMIF($C$2:$C$123,V17,$I$2:$I$123)+SUMIF($S$2:$S$123,V17,$P$2:P$123) -> 8 | AB17: =SUMIF($C$2:$C$123,V17,$J$2:$J$123)+SUMIF($S$2:$S$123,V17,$Q$2:$Q$123) -> 0 | AC17: =SUMIF($C$2:$C$123,V17,$E$2:$E$123)+SUMIF($S$2:$S$123,V17,$L$2:$L$123) -> 8 | AD17: =IFERROR(IF(W17>=($AI$42*$AI$43),(AC17)/(W17*3),"-"),"-") -> 0.16666667 | AE17: =IF(W17>0,IF(OR(SMALL($AH$11:$AH$18,2)=AH17,SMALL($AH$11:$AH$18,1)=AH17),2,0),) -> 2 | AF17: =IF(W17>0,IF(OR(LARGE($AD$11:$AD$18,2)=AD17,LARGE($AD$11:$AD$18,1)=AD17),AC17+AE17+2,AC17+AE17),) -> 12 | AG17: =SUMIF($C$2:$C$123,V17,$D$2:$D$123)+SUMIF($S$2:$S$123,V17,$R$2:$R$123) -> 0 | AH17: =IFERROR(IF(W17>=($AI$42*$AI$43),Y17/W17,"-"),"-") -> 0 | AI17: =IFERROR(IF(W17>=($AI$42*$AI$43),X17/W17,"-"),"-") -> 0
B18: G | C18: =$C$5 -> 0 | E18: =IF((C18=""),0,IF($D$17=$R$17,1,IF($D$17>$R$17,3,IF($D$17<$R$17,0)))) -> 1 | F18: =$D$17 -> 0 | G18: =$R$17 -> 0 | H18: =IF((C18=""),0,IF($D$17>$R$17,1,0)) -> 0 | I18: =IF((C18=""),0,IF($D$17=$R$17,1,0)) -> 1 | J18: =IF((C18=""),0,IF($D$17<$R$17,1,0)) -> 0 | L18: =IF((S18=""),0,IF($D$17=$R$17,1,IF($D$17<$R$17,3,IF($D$17>$R$17,0)))) -> 1 | M18: =$R$17 -> 0 | N18: =$D$17 -> 0 | O18: =IF((S18=""),0,IF($D$17<$R$17,1,0)) -> 0 | P18: =IF((S18=""),0,IF($D$17=$R$17,1,0)) -> 1 | Q18: =IF((S18=""),0,IF($D$17>$R$17,1,0)) -> 0 | S18: =$S$5 -> 0 | U18: LD/LE | W18: =COUNTIF($C$2:$C$123,V18)+COUNTIF($S$2:$S$123,V18) -> 16 | X18: =SUMIF($C$2:$C$123,V18,$F$2:$F$123)+SUMIF($S$2:$S$123,V18,$M$2:$M$123) -> 0 | Y18: =SUMIF($C$2:$C$123,V18,$G$2:$G$123)+SUMIF($S$2:$S$123,V18,$N$2:$N$123) -> 0 | Z18: =SUMIF($C$2:$C$123,V18,$H$2:$H$123)+SUMIF($S$2:$S$123,V18,$O$2:$O$123) -> 0 | AA18: =SUMIF($C$2:$C$123,V18,$I$2:$I$123)+SUMIF($S$2:$S$123,V18,$P$2:P$123) -> 8 | AB18: =SUMIF($C$2:$C$123,V18,$J$2:$J$123)+SUMIF($S$2:$S$123,V18,$Q$2:$Q$123) -> 0 | AC18: =SUMIF($C$2:$C$123,V18,$E$2:$E$123)+SUMIF($S$2:$S$123,V18,$L$2:$L$123) -> 8 | AD18: =IFERROR(IF(W18>=($AI$42*$AI$43),(AC18)/(W18*3),"-"),"-") -> 0.16666667 | AE18: =IF(W18>0,IF(OR(SMALL($AH$11:$AH$18,2)=AH18,SMALL($AH$11:$AH$18,1)=AH18),2,0),) -> 2 | AF18: =IF(W18>0,IF(OR(LARGE($AD$11:$AD$18,2)=AD18,LARGE($AD$11:$AD$18,1)=AD18),AC18+AE18+2,AC18+AE18),) -> 12 | AG18: =SUMIF($C$2:$C$123,V18,$D$2:$D$123)+SUMIF($S$2:$S$123,V18,$R$2:$R$123) -> 0 | AH18: =IFERROR(IF(W18>=($AI$42*$AI$43),Y18/W18,"-"),"-") -> 0 | AI18: =IFERROR(IF(W18>=($AI$42*$AI$43),X18/W18,"-"),"-") -> 0
B19: Z | E19: =IF((C19=""),0,IF($D$17=$R$17,1,IF($D$17>$R$17,3,IF($D$17<$R$17,0)))) -> 0 | F19: =$D$17 -> 0 | G19: =$R$17 -> 0 | H19: =IF((C19=""),0,IF($D$17>$R$17,1,0)) -> 0 | I19: =IF((C19=""),0,IF($D$17=$R$17,1,0)) -> 0 | J19: =IF((C19=""),0,IF($D$17<$R$17,1,0)) -> 0 | L19: =IF((S19=""),0,IF($D$17=$R$17,1,IF($D$17<$R$17,3,IF($D$17>$R$17,0)))) -> 0 | M19: =$R$17 -> 0 | N19: =$D$17 -> 0 | O19: =IF((S19=""),0,IF($D$17<$R$17,1,0)) -> 0 | P19: =IF((S19=""),0,IF($D$17=$R$17,1,0)) -> 0 | Q19: =IF((S19=""),0,IF($D$17>$R$17,1,0)) -> 0 | U19: V | W19: =COUNTIF($C$2:$C$123,V19)+COUNTIF($S$2:$S$123,V19) -> 16 | X19: =SUMIF($C$2:$C$123,V19,$F$2:$F$123)+SUMIF($S$2:$S$123,V19,$M$2:$M$123) -> 0 | Y19: =SUMIF($C$2:$C$123,V19,$G$2:$G$123)+SUMIF($S$2:$S$123,V19,$N$2:$N$123) -> 0 | Z19: =SUMIF($C$2:$C$123,V19,$H$2:$H$123)+SUMIF($S$2:$S$123,V19,$O$2:$O$123) -> 0 | AA19: =SUMIF($C$2:$C$123,V19,$I$2:$I$123)+SUMIF($S$2:$S$123,V19,$P$2:P$123) -> 8 | AB19: =SUMIF($C$2:$C$123,V19,$J$2:$J$123)+SUMIF($S$2:$S$123,V19,$Q$2:$Q$123) -> 0 | AC19: =SUMIF($C$2:$C$123,V19,$E$2:$E$123)+SUMIF($S$2:$S$123,V19,$L$2:$L$123) -> 8 | AD19: =IFERROR(IF(W19>=($AI$42*$AI$43),(AC19)/(W19*3),"-"),"-") -> 0.16666667 | AE19: =IF(W19>0,IF(AH19=MIN($AH$19:$AH$23),2,0),) -> 2 | AF19: =IF(W19>0,IF(AD19=MAX($AD$19:$AD$23),AC19+AE19+2,AC19+AE19),) -> 12 | AG19: =SUMIF($C$2:$C$123,V19,$D$2:$D$123)+SUMIF($S$2:$S$123,V19,$R$2:$R$123) -> 0 | AH19: =IFERROR(IF(W19>=($AI$42*$AI$43),Y19/W19,"-"),"-") -> 0 | AI19: =IFERROR(IF(W19>=($AI$42*$AI$43),X19/W19,"-"),"-") -> 0
B20: LD | E20: =IF((C20=""),0,IF($D$17=$R$17,1,IF($D$17>$R$17,3,IF($D$17<$R$17,0)))) -> 0 | F20: =$D$17 -> 0 | G20: =$R$17 -> 0 | H20: =IF((C20=""),0,IF($D$17>$R$17,1,0)) -> 0 | I20: =IF((C20=""),0,IF($D$17=$R$17,1,0)) -> 0 | J20: =IF((C20=""),0,IF($D$17<$R$17,1,0)) -> 0 | L20: =IF((S20=""),0,IF($D$17=$R$17,1,IF($D$17<$R$17,3,IF($D$17>$R$17,0)))) -> 0 | M20: =$R$17 -> 0 | N20: =$D$17 -> 0 | O20: =IF((S20=""),0,IF($D$17<$R$17,1,0)) -> 0 | P20: =IF((S20=""),0,IF($D$17=$R$17,1,0)) -> 0 | Q20: =IF((S20=""),0,IF($D$17>$R$17,1,0)) -> 0 | U20: V | W20: =COUNTIF($C$2:$C$123,V20)+COUNTIF($S$2:$S$123,V20) -> 16 | X20: =SUMIF($C$2:$C$123,V20,$F$2:$F$123)+SUMIF($S$2:$S$123,V20,$M$2:$M$123) -> 0 | Y20: =SUMIF($C$2:$C$123,V20,$G$2:$G$123)+SUMIF($S$2:$S$123,V20,$N$2:$N$123) -> 0 | Z20: =SUMIF($C$2:$C$123,V20,$H$2:$H$123)+SUMIF($S$2:$S$123,V20,$O$2:$O$123) -> 0 | AA20: =SUMIF($C$2:$C$123,V20,$I$2:$I$123)+SUMIF($S$2:$S$123,V20,$P$2:P$123) -> 8 | AB20: =SUMIF($C$2:$C$123,V20,$J$2:$J$123)+SUMIF($S$2:$S$123,V20,$Q$2:$Q$123) -> 0 | AC20: =SUMIF($C$2:$C$123,V20,$E$2:$E$123)+SUMIF($S$2:$S$123,V20,$L$2:$L$123) -> 8 | AD20: =IFERROR(IF(W20>=($AI$42*$AI$43),(AC20)/(W20*3),"-"),"-") -> 0.16666667 | AE20: =IF(W20>0,IF(AH20=MIN($AH$19:$AH$23),2,0),) -> 2 | AF20: =IF(W20>0,IF(AD20=MAX($AD$19:$AD$23),AC20+AE20+2,AC20+AE20),) -> 12 | AG20: =SUMIF($C$2:$C$123,V20,$D$2:$D$123)+SUMIF($S$2:$S$123,V20,$R$2:$R$123) -> 0 | AH20: =IFERROR(IF(W20>=($AI$42*$AI$43),Y20/W20,"-"),"-") -> 0 | AI20: =IFERROR(IF(W20>=($AI$42*$AI$43),X20/W20,"-"),"-") -> 0
B21: LE | E21: =IF((C21=""),0,IF($D$17=$R$17,1,IF($D$17>$R$17,3,IF($D$17<$R$17,0)))) -> 0 | F21: =$D$17 -> 0 | G21: =$R$17 -> 0 | H21: =IF((C21=""),0,IF($D$17>$R$17,1,0)) -> 0 | I21: =IF((C21=""),0,IF($D$17=$R$17,1,0)) -> 0 | J21: =IF((C21=""),0,IF($D$17<$R$17,1,0)) -> 0 | L21: =IF((S21=""),0,IF($D$17=$R$17,1,IF($D$17<$R$17,3,IF($D$17>$R$17,0)))) -> 0 | M21: =$R$17 -> 0 | N21: =$D$17 -> 0 | O21: =IF((S21=""),0,IF($D$17<$R$17,1,0)) -> 0 | P21: =IF((S21=""),0,IF($D$17=$R$17,1,0)) -> 0 | Q21: =IF((S21=""),0,IF($D$17>$R$17,1,0)) -> 0 | U21: V | W21: =COUNTIF($C$2:$C$123,V21)+COUNTIF($S$2:$S$123,V21) -> 16 | X21: =SUMIF($C$2:$C$123,V21,$F$2:$F$123)+SUMIF($S$2:$S$123,V21,$M$2:$M$123) -> 0 | Y21: =SUMIF($C$2:$C$123,V21,$G$2:$G$123)+SUMIF($S$2:$S$123,V21,$N$2:$N$123) -> 0 | Z21: =SUMIF($C$2:$C$123,V21,$H$2:$H$123)+SUMIF($S$2:$S$123,V21,$O$2:$O$123) -> 0 | AA21: =SUMIF($C$2:$C$123,V21,$I$2:$I$123)+SUMIF($S$2:$S$123,V21,$P$2:P$123) -> 8 | AB21: =SUMIF($C$2:$C$123,V21,$J$2:$J$123)+SUMIF($S$2:$S$123,V21,$Q$2:$Q$123) -> 0 | AC21: =SUMIF($C$2:$C$123,V21,$E$2:$E$123)+SUMIF($S$2:$S$123,V21,$L$2:$L$123) -> 8 | AD21: =IFERROR(IF(W21>=($AI$42*$AI$43),(AC21)/(W21*3),"-"),"-") -> 0.16666667 | AE21: =IF(W21>0,IF(AH21=MIN($AH$19:$AH$23),2,0),) -> 2 | AF21: =IF(W21>0,IF(AD21=MAX($AD$19:$AD$23),AC21+AE21+2,AC21+AE21),) -> 12 | AG21: =SUMIF($C$2:$C$123,V21,$D$2:$D$123)+SUMIF($S$2:$S$123,V21,$R$2:$R$123) -> 0 | AH21: =IFERROR(IF(W21>=($AI$42*$AI$43),Y21/W21,"-"),"-") -> 0 | AI21: =IFERROR(IF(W21>=($AI$42*$AI$43),X21/W21,"-"),"-") -> 0
B22: V | E22: =IF((C22=""),0,IF($D$17=$R$17,1,IF($D$17>$R$17,3,IF($D$17<$R$17,0)))) -> 0 | F22: =$D$17 -> 0 | G22: =$R$17 -> 0 | H22: =IF((C22=""),0,IF($D$17>$R$17,1,0)) -> 0 | I22: =IF((C22=""),0,IF($D$17=$R$17,1,0)) -> 0 | J22: =IF((C22=""),0,IF($D$17<$R$17,1,0)) -> 0 | L22: =IF((S22=""),0,IF($D$17=$R$17,1,IF($D$17<$R$17,3,IF($D$17>$R$17,0)))) -> 0 | M22: =$R$17 -> 0 | N22: =$D$17 -> 0 | O22: =IF((S22=""),0,IF($D$17<$R$17,1,0)) -> 0 | P22: =IF((S22=""),0,IF($D$17=$R$17,1,0)) -> 0 | Q22: =IF((S22=""),0,IF($D$17>$R$17,1,0)) -> 0 | U22: V | W22: =COUNTIF($C$2:$C$123,V22)+COUNTIF($S$2:$S$123,V22) -> 16 | X22: =SUMIF($C$2:$C$123,V22,$F$2:$F$123)+SUMIF($S$2:$S$123,V22,$M$2:$M$123) -> 0 | Y22: =SUMIF($C$2:$C$123,V22,$G$2:$G$123)+SUMIF($S$2:$S$123,V22,$N$2:$N$123) -> 0 | Z22: =SUMIF($C$2:$C$123,V22,$H$2:$H$123)+SUMIF($S$2:$S$123,V22,$O$2:$O$123) -> 0 | AA22: =SUMIF($C$2:$C$123,V22,$I$2:$I$123)+SUMIF($S$2:$S$123,V22,$P$2:P$123) -> 8 | AB22: =SUMIF($C$2:$C$123,V22,$J$2:$J$123)+SUMIF($S$2:$S$123,V22,$Q$2:$Q$123) -> 0 | AC22: =SUMIF($C$2:$C$123,V22,$E$2:$E$123)+SUMIF($S$2:$S$123,V22,$L$2:$L$123) -> 8 | AD22: =IFERROR(IF(W22>=($AI$42*$AI$43),(AC22)/(W22*3),"-"),"-") -> 0.16666667 | AE22: =IF(W22>0,IF(AH22=MIN($AH$19:$AH$23),2,0),) -> 2 | AF22: =IF(W22>0,IF(AD22=MAX($AD$19:$AD$23),AC22+AE22+2,AC22+AE22),) -> 12 | AG22: =SUMIF($C$2:$C$123,V22,$D$2:$D$123)+SUMIF($S$2:$S$123,V22,$R$2:$R$123) -> 0 | AH22: =IFERROR(IF(W22>=($AI$42*$AI$43),Y22/W22,"-"),"-") -> 0 | AI22: =IFERROR(IF(W22>=($AI$42*$AI$43),X22/W22,"-"),"-") -> 0 | BB22: Volante
B23: M | E23: =IF((C23=""),0,IF($D$17=$R$17,1,IF($D$17>$R$17,3,IF($D$17<$R$17,0)))) -> 0 | F23: =$D$17 -> 0 | G23: =$R$17 -> 0 | H23: =IF((C23=""),0,IF($D$17>$R$17,1,0)) -> 0 | I23: =IF((C23=""),0,IF($D$17=$R$17,1,0)) -> 0 | J23: =IF((C23=""),0,IF($D$17<$R$17,1,0)) -> 0 | L23: =IF((S23=""),0,IF($D$17=$R$17,1,IF($D$17<$R$17,3,IF($D$17>$R$17,0)))) -> 0 | M23: =$R$17 -> 0 | N23: =$D$17 -> 0 | O23: =IF((S23=""),0,IF($D$17<$R$17,1,0)) -> 0 | P23: =IF((S23=""),0,IF($D$17=$R$17,1,0)) -> 0 | Q23: =IF((S23=""),0,IF($D$17>$R$17,1,0)) -> 0 | U23: V | W23: =COUNTIF($C$2:$C$123,V23)+COUNTIF($S$2:$S$123,V23) -> 16 | X23: =SUMIF($C$2:$C$123,V23,$F$2:$F$123)+SUMIF($S$2:$S$123,V23,$M$2:$M$123) -> 0 | Y23: =SUMIF($C$2:$C$123,V23,$G$2:$G$123)+SUMIF($S$2:$S$123,V23,$N$2:$N$123) -> 0 | Z23: =SUMIF($C$2:$C$123,V23,$H$2:$H$123)+SUMIF($S$2:$S$123,V23,$O$2:$O$123) -> 0 | AA23: =SUMIF($C$2:$C$123,V23,$I$2:$I$123)+SUMIF($S$2:$S$123,V23,$P$2:P$123) -> 8 | AB23: =SUMIF($C$2:$C$123,V23,$J$2:$J$123)+SUMIF($S$2:$S$123,V23,$Q$2:$Q$123) -> 0 | AC23: =SUMIF($C$2:$C$123,V23,$E$2:$E$123)+SUMIF($S$2:$S$123,V23,$L$2:$L$123) -> 8 | AD23: =IFERROR(IF(W23>=($AI$42*$AI$43),(AC23)/(W23*3),"-"),"-") -> 0.16666667 | AE23: =IF(W23>0,IF(AH23=MIN($AH$19:$AH$23),2,0),) -> 2 | AF23: =IF(W23>0,IF(AD23=MAX($AD$19:$AD$23),AC23+AE23+2,AC23+AE23),) -> 12 | AG23: =SUMIF($C$2:$C$123,V23,$D$2:$D$123)+SUMIF($S$2:$S$123,V23,$R$2:$R$123) -> 0 | AH23: =IFERROR(IF(W23>=($AI$42*$AI$43),Y23/W23,"-"),"-") -> 0 | AI23: =IFERROR(IF(W23>=($AI$42*$AI$43),X23/W23,"-"),"-") -> 0
B24: M | E24: =IF((C24=""),0,IF($D$17=$R$17,1,IF($D$17>$R$17,3,IF($D$17<$R$17,0)))) -> 0 | F24: =$D$17 -> 0 | G24: =$R$17 -> 0 | H24: =IF((C24=""),0,IF($D$17>$R$17,1,0)) -> 0 | I24: =IF((C24=""),0,IF($D$17=$R$17,1,0)) -> 0 | J24: =IF((C24=""),0,IF($D$17<$R$17,1,0)) -> 0 | L24: =IF((S24=""),0,IF($D$17=$R$17,1,IF($D$17<$R$17,3,IF($D$17>$R$17,0)))) -> 0 | M24: =$R$17 -> 0 | N24: =$D$17 -> 0 | O24: =IF((S24=""),0,IF($D$17<$R$17,1,0)) -> 0 | P24: =IF((S24=""),0,IF($D$17=$R$17,1,0)) -> 0 | Q24: =IF((S24=""),0,IF($D$17>$R$17,1,0)) -> 0 | U24: M | W24: =COUNTIF($C$2:$C$123,V24)+COUNTIF($S$2:$S$123,V24) -> 16 | X24: =SUMIF($C$2:$C$123,V24,$F$2:$F$123)+SUMIF($S$2:$S$123,V24,$M$2:$M$123) -> 0 | Y24: =SUMIF($C$2:$C$123,V24,$G$2:$G$123)+SUMIF($S$2:$S$123,V24,$N$2:$N$123) -> 0 | Z24: =SUMIF($C$2:$C$123,V24,$H$2:$H$123)+SUMIF($S$2:$S$123,V24,$O$2:$O$123) -> 0 | AA24: =SUMIF($C$2:$C$123,V24,$I$2:$I$123)+SUMIF($S$2:$S$123,V24,$P$2:P$123) -> 8 | AB24: =SUMIF($C$2:$C$123,V24,$J$2:$J$123)+SUMIF($S$2:$S$123,V24,$Q$2:$Q$123) -> 0 | AC24: =SUMIF($C$2:$C$123,V24,$E$2:$E$123)+SUMIF($S$2:$S$123,V24,$L$2:$L$123) -> 8 | AD24: =IFERROR(IF(W24>=($AI$42*$AI$43),(AC24)/(W24*3),"-"),"-") -> 0.16666667 | AE24: =IF(W24>0,IF(OR(LARGE($AI$24:$AI$31,2)=AI24,LARGE($AI$24:$AI$31,1)=AI24),2,0),) -> 2 | AF24: =IF(W24>0,IF(OR(LARGE($AD$24:$AD$31,2)=AD24,LARGE($AD$24:$AD$31,1)=AD24),AC24+AE24+2,AC24+AE24),) -> 12 | AG24: =SUMIF($C$2:$C$123,V24,$D$2:$D$123)+SUMIF($S$2:$S$123,V24,$R$2:$R$123) -> 0 | AH24: =IFERROR(IF(W24>=($AI$42*$AI$43),Y24/W24,"-"),"-") -> 0 | AI24: =IFERROR(IF(W24>=($AI$42*$AI$43),X24/W24,"-"),"-") -> 0
B25: A | E25: =IF((C25=""),0,IF($D$17=$R$17,1,IF($D$17>$R$17,3,IF($D$17<$R$17,0)))) -> 0 | F25: =$D$17 -> 0 | G25: =$R$17 -> 0 | H25: =IF((C25=""),0,IF($D$17>$R$17,1,0)) -> 0 | I25: =IF((C25=""),0,IF($D$17=$R$17,1,0)) -> 0 | J25: =IF((C25=""),0,IF($D$17<$R$17,1,0)) -> 0 | L25: =IF((S25=""),0,IF($D$17=$R$17,1,IF($D$17<$R$17,3,IF($D$17>$R$17,0)))) -> 0 | M25: =$R$17 -> 0 | N25: =$D$17 -> 0 | O25: =IF((S25=""),0,IF($D$17<$R$17,1,0)) -> 0 | P25: =IF((S25=""),0,IF($D$17=$R$17,1,0)) -> 0 | Q25: =IF((S25=""),0,IF($D$17>$R$17,1,0)) -> 0 | U25: M | W25: =COUNTIF($C$2:$C$123,V25)+COUNTIF($S$2:$S$123,V25) -> 16 | X25: =SUMIF($C$2:$C$123,V25,$F$2:$F$123)+SUMIF($S$2:$S$123,V25,$M$2:$M$123) -> 0 | Y25: =SUMIF($C$2:$C$123,V25,$G$2:$G$123)+SUMIF($S$2:$S$123,V25,$N$2:$N$123) -> 0 | Z25: =SUMIF($C$2:$C$123,V25,$H$2:$H$123)+SUMIF($S$2:$S$123,V25,$O$2:$O$123) -> 0 | AA25: =SUMIF($C$2:$C$123,V25,$I$2:$I$123)+SUMIF($S$2:$S$123,V25,$P$2:P$123) -> 8 | AB25: =SUMIF($C$2:$C$123,V25,$J$2:$J$123)+SUMIF($S$2:$S$123,V25,$Q$2:$Q$123) -> 0 | AC25: =SUMIF($C$2:$C$123,V25,$E$2:$E$123)+SUMIF($S$2:$S$123,V25,$L$2:$L$123) -> 8 | AD25: =IFERROR(IF(W25>=($AI$42*$AI$43),(AC25)/(W25*3),"-"),"-") -> 0.16666667 | AE25: =IF(W25>0,IF(OR(LARGE($AI$24:$AI$31,2)=AI25,LARGE($AI$24:$AI$31,1)=AI25),2,0),) -> 2 | AF25: =IF(W25>0,IF(OR(LARGE($AD$24:$AD$31,2)=AD25,LARGE($AD$24:$AD$31,1)=AD25),AC25+AE25+2,AC25+AE25),) -> 12 | AG25: =SUMIF($C$2:$C$123,V25,$D$2:$D$123)+SUMIF($S$2:$S$123,V25,$R$2:$R$123) -> 0 | AH25: =IFERROR(IF(W25>=($AI$42*$AI$43),Y25/W25,"-"),"-") -> 0 | AI25: =IFERROR(IF(W25>=($AI$42*$AI$43),X25/W25,"-"),"-") -> 0
B26: S | E26: =IF((C26=""),0,IF($D$17=$R$17,1,IF($D$17>$R$17,3,IF($D$17<$R$17,0)))) -> 0 | F26: =$D$17 -> 0 | G26: =$R$17 -> 0 | H26: =IF((C26=""),0,IF($D$17>$R$17,1,0)) -> 0 | I26: =IF((C26=""),0,IF($D$17=$R$17,1,0)) -> 0 | J26: =IF((C26=""),0,IF($D$17<$R$17,1,0)) -> 0 | L26: =IF((S26=""),0,IF($D$17=$R$17,1,IF($D$17<$R$17,3,IF($D$17>$R$17,0)))) -> 0 | M26: =$R$17 -> 0 | N26: =$D$17 -> 0 | O26: =IF((S26=""),0,IF($D$17<$R$17,1,0)) -> 0 | P26: =IF((S26=""),0,IF($D$17=$R$17,1,0)) -> 0 | Q26: =IF((S26=""),0,IF($D$17>$R$17,1,0)) -> 0 | U26: M | W26: =COUNTIF($C$2:$C$123,V26)+COUNTIF($S$2:$S$123,V26) -> 16 | X26: =SUMIF($C$2:$C$123,V26,$F$2:$F$123)+SUMIF($S$2:$S$123,V26,$M$2:$M$123) -> 0 | Y26: =SUMIF($C$2:$C$123,V26,$G$2:$G$123)+SUMIF($S$2:$S$123,V26,$N$2:$N$123) -> 0 | Z26: =SUMIF($C$2:$C$123,V26,$H$2:$H$123)+SUMIF($S$2:$S$123,V26,$O$2:$O$123) -> 0 | AA26: =SUMIF($C$2:$C$123,V26,$I$2:$I$123)+SUMIF($S$2:$S$123,V26,$P$2:P$123) -> 8 | AB26: =SUMIF($C$2:$C$123,V26,$J$2:$J$123)+SUMIF($S$2:$S$123,V26,$Q$2:$Q$123) -> 0 | AC26: =SUMIF($C$2:$C$123,V26,$E$2:$E$123)+SUMIF($S$2:$S$123,V26,$L$2:$L$123) -> 8 | AD26: =IFERROR(IF(W26>=($AI$42*$AI$43),(AC26)/(W26*3),"-"),"-") -> 0.16666667 | AE26: =IF(W26>0,IF(OR(LARGE($AI$24:$AI$31,2)=AI26,LARGE($AI$24:$AI$31,1)=AI26),2,0),) -> 2 | AF26: =IF(W26>0,IF(OR(LARGE($AD$24:$AD$31,2)=AD26,LARGE($AD$24:$AD$31,1)=AD26),AC26+AE26+2,AC26+AE26),) -> 12 | AG26: =SUMIF($C$2:$C$123,V26,$D$2:$D$123)+SUMIF($S$2:$S$123,V26,$R$2:$R$123) -> 0 | AH26: =IFERROR(IF(W26>=($AI$42*$AI$43),Y26/W26,"-"),"-") -> 0 | AI26: =IFERROR(IF(W26>=($AI$42*$AI$43),X26/W26,"-"),"-") -> 0
B27: S | E27: =IF((C27=""),0,IF($D$17=$R$17,1,IF($D$17>$R$17,3,IF($D$17<$R$17,0)))) -> 0 | F27: =$D$17 -> 0 | G27: =$R$17 -> 0 | H27: =IF((C27=""),0,IF($D$17>$R$17,1,0)) -> 0 | I27: =IF((C27=""),0,IF($D$17=$R$17,1,0)) -> 0 | J27: =IF((C27=""),0,IF($D$17<$R$17,1,0)) -> 0 | L27: =IF((S27=""),0,IF($D$17=$R$17,1,IF($D$17<$R$17,3,IF($D$17>$R$17,0)))) -> 0 | M27: =$R$17 -> 0 | N27: =$D$17 -> 0 | O27: =IF((S27=""),0,IF($D$17<$R$17,1,0)) -> 0 | P27: =IF((S27=""),0,IF($D$17=$R$17,1,0)) -> 0 | Q27: =IF((S27=""),0,IF($D$17>$R$17,1,0)) -> 0 | U27: M | W27: =COUNTIF($C$2:$C$123,V27)+COUNTIF($S$2:$S$123,V27) -> 16 | X27: =SUMIF($C$2:$C$123,V27,$F$2:$F$123)+SUMIF($S$2:$S$123,V27,$M$2:$M$123) -> 0 | Y27: =SUMIF($C$2:$C$123,V27,$G$2:$G$123)+SUMIF($S$2:$S$123,V27,$N$2:$N$123) -> 0 | Z27: =SUMIF($C$2:$C$123,V27,$H$2:$H$123)+SUMIF($S$2:$S$123,V27,$O$2:$O$123) -> 0 | AA27: =SUMIF($C$2:$C$123,V27,$I$2:$I$123)+SUMIF($S$2:$S$123,V27,$P$2:P$123) -> 8 | AB27: =SUMIF($C$2:$C$123,V27,$J$2:$J$123)+SUMIF($S$2:$S$123,V27,$Q$2:$Q$123) -> 0 | AC27: =SUMIF($C$2:$C$123,V27,$E$2:$E$123)+SUMIF($S$2:$S$123,V27,$L$2:$L$123) -> 8 | AD27: =IFERROR(IF(W27>=($AI$42*$AI$43),(AC27)/(W27*3),"-"),"-") -> 0.16666667 | AE27: =IF(W27>0,IF(OR(LARGE($AI$24:$AI$31,2)=AI27,LARGE($AI$24:$AI$31,1)=AI27),2,0),) -> 2 | AF27: =IF(W27>0,IF(OR(LARGE($AD$24:$AD$31,2)=AD27,LARGE($AD$24:$AD$31,1)=AD27),AC27+AE27+2,AC27+AE27),) -> 12 | AG27: =SUMIF($C$2:$C$123,V27,$D$2:$D$123)+SUMIF($S$2:$S$123,V27,$R$2:$R$123) -> 0 | AH27: =IFERROR(IF(W27>=($AI$42*$AI$43),Y27/W27,"-"),"-") -> 0 | AI27: =IFERROR(IF(W27>=($AI$42*$AI$43),X27/W27,"-"),"-") -> 0 | AU27: Lateral 1 | BI27: Lateral 2
U28: M | W28: =COUNTIF($C$2:$C$123,V28)+COUNTIF($S$2:$S$123,V28) -> 16 | X28: =SUMIF($C$2:$C$123,V28,$F$2:$F$123)+SUMIF($S$2:$S$123,V28,$M$2:$M$123) -> 0 | Y28: =SUMIF($C$2:$C$123,V28,$G$2:$G$123)+SUMIF($S$2:$S$123,V28,$N$2:$N$123) -> 0 | Z28: =SUMIF($C$2:$C$123,V28,$H$2:$H$123)+SUMIF($S$2:$S$123,V28,$O$2:$O$123) -> 0 | AA28: =SUMIF($C$2:$C$123,V28,$I$2:$I$123)+SUMIF($S$2:$S$123,V28,$P$2:P$123) -> 8 | AB28: =SUMIF($C$2:$C$123,V28,$J$2:$J$123)+SUMIF($S$2:$S$123,V28,$Q$2:$Q$123) -> 0 | AC28: =SUMIF($C$2:$C$123,V28,$E$2:$E$123)+SUMIF($S$2:$S$123,V28,$L$2:$L$123) -> 8 | AD28: =IFERROR(IF(W28>=($AI$42*$AI$43),(AC28)/(W28*3),"-"),"-") -> 0.16666667 | AE28: =IF(W28>0,IF(OR(LARGE($AI$24:$AI$31,2)=AI28,LARGE($AI$24:$AI$31,1)=AI28),2,0),) -> 2 | AF28: =IF(W28>0,IF(OR(LARGE($AD$24:$AD$31,2)=AD28,LARGE($AD$24:$AD$31,1)=AD28),AC28+AE28+2,AC28+AE28),) -> 12 | AG28: =SUMIF($C$2:$C$123,V28,$D$2:$D$123)+SUMIF($S$2:$S$123,V28,$R$2:$R$123) -> 0 | AH28: =IFERROR(IF(W28>=($AI$42*$AI$43),Y28/W28,"-"),"-") -> 0 | AI28: =IFERROR(IF(W28>=($AI$42*$AI$43),X28/W28,"-"),"-") -> 0
K29: Jogo3 | U29: M | W29: =COUNTIF($C$2:$C$123,V29)+COUNTIF($S$2:$S$123,V29) -> 16 | X29: =SUMIF($C$2:$C$123,V29,$F$2:$F$123)+SUMIF($S$2:$S$123,V29,$M$2:$M$123) -> 0 | Y29: =SUMIF($C$2:$C$123,V29,$G$2:$G$123)+SUMIF($S$2:$S$123,V29,$N$2:$N$123) -> 0 | Z29: =SUMIF($C$2:$C$123,V29,$H$2:$H$123)+SUMIF($S$2:$S$123,V29,$O$2:$O$123) -> 0 | AA29: =SUMIF($C$2:$C$123,V29,$I$2:$I$123)+SUMIF($S$2:$S$123,V29,$P$2:P$123) -> 8 | AB29: =SUMIF($C$2:$C$123,V29,$J$2:$J$123)+SUMIF($S$2:$S$123,V29,$Q$2:$Q$123) -> 0 | AC29: =SUMIF($C$2:$C$123,V29,$E$2:$E$123)+SUMIF($S$2:$S$123,V29,$L$2:$L$123) -> 8 | AD29: =IFERROR(IF(W29>=($AI$42*$AI$43),(AC29)/(W29*3),"-"),"-") -> 0.16666667 | AE29: =IF(W29>0,IF(OR(LARGE($AI$24:$AI$31,2)=AI29,LARGE($AI$24:$AI$31,1)=AI29),2,0),) -> 2 | AF29: =IF(W29>0,IF(OR(LARGE($AD$24:$AD$31,2)=AD29,LARGE($AD$24:$AD$31,1)=AD29),AC29+AE29+2,AC29+AE29),) -> 12 | AG29: =SUMIF($C$2:$C$123,V29,$D$2:$D$123)+SUMIF($S$2:$S$123,V29,$R$2:$R$123) -> 0 | AH29: =IFERROR(IF(W29>=($AI$42*$AI$43),Y29/W29,"-"),"-") -> 0 | AI29: =IFERROR(IF(W29>=($AI$42*$AI$43),X29/W29,"-"),"-") -> 0
C30: =C4 -> 0 | D30: =SUM(D31:D40) -> 0 | E30: P | F30: GA | G30: GC | H30: V | I30: E | J30: D | K30: x | L30: P | M30: GA | N30: GC | O30: V | P30: E | Q30: D | R30: =SUM(R31:R40) -> 0 | S30: =S4 -> 0 | U30: M | W30: =COUNTIF($C$2:$C$123,V30)+COUNTIF($S$2:$S$123,V30) -> 16 | X30: =SUMIF($C$2:$C$123,V30,$F$2:$F$123)+SUMIF($S$2:$S$123,V30,$M$2:$M$123) -> 0 | Y30: =SUMIF($C$2:$C$123,V30,$G$2:$G$123)+SUMIF($S$2:$S$123,V30,$N$2:$N$123) -> 0 | Z30: =SUMIF($C$2:$C$123,V30,$H$2:$H$123)+SUMIF($S$2:$S$123,V30,$O$2:$O$123) -> 0 | AA30: =SUMIF($C$2:$C$123,V30,$I$2:$I$123)+SUMIF($S$2:$S$123,V30,$P$2:P$123) -> 8 | AB30: =SUMIF($C$2:$C$123,V30,$J$2:$J$123)+SUMIF($S$2:$S$123,V30,$Q$2:$Q$123) -> 0 | AC30: =SUMIF($C$2:$C$123,V30,$E$2:$E$123)+SUMIF($S$2:$S$123,V30,$L$2:$L$123) -> 8 | AD30: =IFERROR(IF(W30>=($AI$42*$AI$43),(AC30)/(W30*3),"-"),"-") -> 0.16666667 | AE30: =IF(W30>0,IF(OR(LARGE($AI$24:$AI$31,2)=AI30,LARGE($AI$24:$AI$31,1)=AI30),2,0),) -> 2 | AF30: =IF(W30>0,IF(OR(LARGE($AD$24:$AD$31,2)=AD30,LARGE($AD$24:$AD$31,1)=AD30),AC30+AE30+2,AC30+AE30),) -> 12 | AG30: =SUMIF($C$2:$C$123,V30,$D$2:$D$123)+SUMIF($S$2:$S$123,V30,$R$2:$R$123) -> 0 | AH30: =IFERROR(IF(W30>=($AI$42*$AI$43),Y30/W30,"-"),"-") -> 0 | AI30: =IFERROR(IF(W30>=($AI$42*$AI$43),X30/W30,"-"),"-") -> 0
B31: G | C31: =$C$5 -> 0 | E31: =IF((C31=""),0,IF($D$30=$R$30,1,IF($D$30>$R$30,3,IF($D$30<$R$30,0)))) -> 1 | F31: =$D$30 -> 0 | G31: =$R$30 -> 0 | H31: =IF((C31=""),0,IF($D$30>$R$30,1,0)) -> 0 | I31: =IF((C31=""),0,IF($D$30=$R$30,1,0)) -> 1 | J31: =IF((C31=""),0,IF($D$30<$R$30,1,0)) -> 0 | L31: =IF((S31=""),0,IF($D$30=$R$30,1,IF($D$30<$R$30,3,IF($D$30>$R$30,0)))) -> 1 | M31: =$R$30 -> 0 | N31: =$D$30 -> 0 | O31: =IF((S31=""),0,IF($D$30<$R$30,1,0)) -> 0 | P31: =IF((S31=""),0,IF($D$30=$R$30,1,0)) -> 1 | Q31: =IF((S31=""),0,IF($D$30>$R$30,1,0)) -> 0 | S31: =$S$5 -> 0 | U31: M | W31: =COUNTIF($C$2:$C$123,V31)+COUNTIF($S$2:$S$123,V31) -> 16 | X31: =SUMIF($C$2:$C$123,V31,$F$2:$F$123)+SUMIF($S$2:$S$123,V31,$M$2:$M$123) -> 0 | Y31: =SUMIF($C$2:$C$123,V31,$G$2:$G$123)+SUMIF($S$2:$S$123,V31,$N$2:$N$123) -> 0 | Z31: =SUMIF($C$2:$C$123,V31,$H$2:$H$123)+SUMIF($S$2:$S$123,V31,$O$2:$O$123) -> 0 | AA31: =SUMIF($C$2:$C$123,V31,$I$2:$I$123)+SUMIF($S$2:$S$123,V31,$P$2:P$123) -> 8 | AB31: =SUMIF($C$2:$C$123,V31,$J$2:$J$123)+SUMIF($S$2:$S$123,V31,$Q$2:$Q$123) -> 0 | AC31: =SUMIF($C$2:$C$123,V31,$E$2:$E$123)+SUMIF($S$2:$S$123,V31,$L$2:$L$123) -> 8 | AD31: =IFERROR(IF(W31>=($AI$42*$AI$43),(AC31)/(W31*3),"-"),"-") -> 0.16666667 | AE31: =IF(W31>0,IF(OR(LARGE($AI$24:$AI$31,2)=AI31,LARGE($AI$24:$AI$31,1)=AI31),2,0),) -> 2 | AF31: =IF(W31>0,IF(OR(LARGE($AD$24:$AD$31,2)=AD31,LARGE($AD$24:$AD$31,1)=AD31),AC31+AE31+2,AC31+AE31),) -> 12 | AG31: =SUMIF($C$2:$C$123,V31,$D$2:$D$123)+SUMIF($S$2:$S$123,V31,$R$2:$R$123) -> 0 | AH31: =IFERROR(IF(W31>=($AI$42*$AI$43),Y31/W31,"-"),"-") -> 0 | AI31: =IFERROR(IF(W31>=($AI$42*$AI$43),X31/W31,"-"),"-") -> 0 | BB31: Zagueiro
B32: Z | E32: =IF((C32=""),0,IF($D$30=$R$30,1,IF($D$30>$R$30,3,IF($D$30<$R$30,0)))) -> 0 | F32: =$D$30 -> 0 | G32: =$R$30 -> 0 | H32: =IF((C32=""),0,IF($D$30>$R$30,1,0)) -> 0 | I32: =IF((C32=""),0,IF($D$30=$R$30,1,0)) -> 0 | J32: =IF((C32=""),0,IF($D$30<$R$30,1,0)) -> 0 | L32: =IF((S32=""),0,IF($D$30=$R$30,1,IF($D$30<$R$30,3,IF($D$30>$R$30,0)))) -> 0 | M32: =$R$30 -> 0 | N32: =$D$30 -> 0 | O32: =IF((S32=""),0,IF($D$30<$R$30,1,0)) -> 0 | P32: =IF((S32=""),0,IF($D$30=$R$30,1,0)) -> 0 | Q32: =IF((S32=""),0,IF($D$30>$R$30,1,0)) -> 0 | U32: A | W32: =COUNTIF($C$2:$C$123,V32)+COUNTIF($S$2:$S$123,V32) -> 16 | X32: =SUMIF($C$2:$C$123,V32,$F$2:$F$123)+SUMIF($S$2:$S$123,V32,$M$2:$M$123) -> 0 | Y32: =SUMIF($C$2:$C$123,V32,$G$2:$G$123)+SUMIF($S$2:$S$123,V32,$N$2:$N$123) -> 0 | Z32: =SUMIF($C$2:$C$123,V32,$H$2:$H$123)+SUMIF($S$2:$S$123,V32,$O$2:$O$123) -> 0 | AA32: =SUMIF($C$2:$C$123,V32,$I$2:$I$123)+SUMIF($S$2:$S$123,V32,$P$2:P$123) -> 8 | AB32: =SUMIF($C$2:$C$123,V32,$J$2:$J$123)+SUMIF($S$2:$S$123,V32,$Q$2:$Q$123) -> 0 | AC32: =SUMIF($C$2:$C$123,V32,$E$2:$E$123)+SUMIF($S$2:$S$123,V32,$L$2:$L$123) -> 8 | AD32: =IFERROR(IF(W32>=($AI$42*$AI$43),(AC32)/(W32*3),"-"),"-") -> 0.16666667 | AE32: =IF(W32>0,IF(AI32=MAX($AI$32:$AI$36),2,0),) -> 2 | AF32: =IF(W32>0,IF(AD32=MAX($AD$32:$AD$36),AC32+AE32+2,AC32+AE32),) -> 12 | AG32: =SUMIF($C$2:$C$123,V32,$D$2:$D$123)+SUMIF($S$2:$S$123,V32,$R$2:$R$123) -> 0 | AH32: =IFERROR(IF(W32>=($AI$42*$AI$43),Y32/W32,"-"),"-") -> 0 | AI32: =IFERROR(IF(W32>=($AI$42*$AI$43),X32/W32,"-"),"-") -> 0
B33: LD | E33: =IF((C33=""),0,IF($D$30=$R$30,1,IF($D$30>$R$30,3,IF($D$30<$R$30,0)))) -> 0 | F33: =$D$30 -> 0 | G33: =$R$30 -> 0 | H33: =IF((C33=""),0,IF($D$30>$R$30,1,0)) -> 0 | I33: =IF((C33=""),0,IF($D$30=$R$30,1,0)) -> 0 | J33: =IF((C33=""),0,IF($D$30<$R$30,1,0)) -> 0 | L33: =IF((S33=""),0,IF($D$30=$R$30,1,IF($D$30<$R$30,3,IF($D$30>$R$30,0)))) -> 0 | M33: =$R$30 -> 0 | N33: =$D$30 -> 0 | O33: =IF((S33=""),0,IF($D$30<$R$30,1,0)) -> 0 | P33: =IF((S33=""),0,IF($D$30=$R$30,1,0)) -> 0 | Q33: =IF((S33=""),0,IF($D$30>$R$30,1,0)) -> 0 | U33: A | W33: =COUNTIF($C$2:$C$123,V33)+COUNTIF($S$2:$S$123,V33) -> 16 | X33: =SUMIF($C$2:$C$123,V33,$F$2:$F$123)+SUMIF($S$2:$S$123,V33,$M$2:$M$123) -> 0 | Y33: =SUMIF($C$2:$C$123,V33,$G$2:$G$123)+SUMIF($S$2:$S$123,V33,$N$2:$N$123) -> 0 | Z33: =SUMIF($C$2:$C$123,V33,$H$2:$H$123)+SUMIF($S$2:$S$123,V33,$O$2:$O$123) -> 0 | AA33: =SUMIF($C$2:$C$123,V33,$I$2:$I$123)+SUMIF($S$2:$S$123,V33,$P$2:P$123) -> 8 | AB33: =SUMIF($C$2:$C$123,V33,$J$2:$J$123)+SUMIF($S$2:$S$123,V33,$Q$2:$Q$123) -> 0 | AC33: =SUMIF($C$2:$C$123,V33,$E$2:$E$123)+SUMIF($S$2:$S$123,V33,$L$2:$L$123) -> 8 | AD33: =IFERROR(IF(W33>=($AI$42*$AI$43),(AC33)/(W33*3),"-"),"-") -> 0.16666667 | AE33: =IF(W33>0,IF(AI33=MAX($AI$32:$AI$36),2,0),) -> 2 | AF33: =IF(W33>0,IF(AD33=MAX($AD$32:$AD$36),AC33+AE33+2,AC33+AE33),) -> 12 | AG33: =SUMIF($C$2:$C$123,V33,$D$2:$D$123)+SUMIF($S$2:$S$123,V33,$R$2:$R$123) -> 0 | AH33: =IFERROR(IF(W33>=($AI$42*$AI$43),Y33/W33,"-"),"-") -> 0 | AI33: =IFERROR(IF(W33>=($AI$42*$AI$43),X33/W33,"-"),"-") -> 0
B34: LE | E34: =IF((C34=""),0,IF($D$30=$R$30,1,IF($D$30>$R$30,3,IF($D$30<$R$30,0)))) -> 0 | F34: =$D$30 -> 0 | G34: =$R$30 -> 0 | H34: =IF((C34=""),0,IF($D$30>$R$30,1,0)) -> 0 | I34: =IF((C34=""),0,IF($D$30=$R$30,1,0)) -> 0 | J34: =IF((C34=""),0,IF($D$30<$R$30,1,0)) -> 0 | L34: =IF((S34=""),0,IF($D$30=$R$30,1,IF($D$30<$R$30,3,IF($D$30>$R$30,0)))) -> 0 | M34: =$R$30 -> 0 | N34: =$D$30 -> 0 | O34: =IF((S34=""),0,IF($D$30<$R$30,1,0)) -> 0 | P34: =IF((S34=""),0,IF($D$30=$R$30,1,0)) -> 0 | Q34: =IF((S34=""),0,IF($D$30>$R$30,1,0)) -> 0 | U34: A | W34: =COUNTIF($C$2:$C$123,V34)+COUNTIF($S$2:$S$123,V34) -> 16 | X34: =SUMIF($C$2:$C$123,V34,$F$2:$F$123)+SUMIF($S$2:$S$123,V34,$M$2:$M$123) -> 0 | Y34: =SUMIF($C$2:$C$123,V34,$G$2:$G$123)+SUMIF($S$2:$S$123,V34,$N$2:$N$123) -> 0 | Z34: =SUMIF($C$2:$C$123,V34,$H$2:$H$123)+SUMIF($S$2:$S$123,V34,$O$2:$O$123) -> 0 | AA34: =SUMIF($C$2:$C$123,V34,$I$2:$I$123)+SUMIF($S$2:$S$123,V34,$P$2:P$123) -> 8 | AB34: =SUMIF($C$2:$C$123,V34,$J$2:$J$123)+SUMIF($S$2:$S$123,V34,$Q$2:$Q$123) -> 0 | AC34: =SUMIF($C$2:$C$123,V34,$E$2:$E$123)+SUMIF($S$2:$S$123,V34,$L$2:$L$123) -> 8 | AD34: =IFERROR(IF(W34>=($AI$42*$AI$43),(AC34)/(W34*3),"-"),"-") -> 0.16666667 | AE34: =IF(W34>0,IF(AI34=MAX($AI$32:$AI$36),2,0),) -> 2 | AF34: =IF(W34>0,IF(AD34=MAX($AD$32:$AD$36),AC34+AE34+2,AC34+AE34),) -> 12 | AG34: =SUMIF($C$2:$C$123,V34,$D$2:$D$123)+SUMIF($S$2:$S$123,V34,$R$2:$R$123) -> 0 | AH34: =IFERROR(IF(W34>=($AI$42*$AI$43),Y34/W34,"-"),"-") -> 0 | AI34: =IFERROR(IF(W34>=($AI$42*$AI$43),X34/W34,"-"),"-") -> 0
B35: V | E35: =IF((C35=""),0,IF($D$30=$R$30,1,IF($D$30>$R$30,3,IF($D$30<$R$30,0)))) -> 0 | F35: =$D$30 -> 0 | G35: =$R$30 -> 0 | H35: =IF((C35=""),0,IF($D$30>$R$30,1,0)) -> 0 | I35: =IF((C35=""),0,IF($D$30=$R$30,1,0)) -> 0 | J35: =IF((C35=""),0,IF($D$30<$R$30,1,0)) -> 0 | L35: =IF((S35=""),0,IF($D$30=$R$30,1,IF($D$30<$R$30,3,IF($D$30>$R$30,0)))) -> 0 | M35: =$R$30 -> 0 | N35: =$D$30 -> 0 | O35: =IF((S35=""),0,IF($D$30<$R$30,1,0)) -> 0 | P35: =IF((S35=""),0,IF($D$30=$R$30,1,0)) -> 0 | Q35: =IF((S35=""),0,IF($D$30>$R$30,1,0)) -> 0 | U35: A | W35: =COUNTIF($C$2:$C$123,V35)+COUNTIF($S$2:$S$123,V35) -> 16 | X35: =SUMIF($C$2:$C$123,V35,$F$2:$F$123)+SUMIF($S$2:$S$123,V35,$M$2:$M$123) -> 0 | Y35: =SUMIF($C$2:$C$123,V35,$G$2:$G$123)+SUMIF($S$2:$S$123,V35,$N$2:$N$123) -> 0 | Z35: =SUMIF($C$2:$C$123,V35,$H$2:$H$123)+SUMIF($S$2:$S$123,V35,$O$2:$O$123) -> 0 | AA35: =SUMIF($C$2:$C$123,V35,$I$2:$I$123)+SUMIF($S$2:$S$123,V35,$P$2:P$123) -> 8 | AB35: =SUMIF($C$2:$C$123,V35,$J$2:$J$123)+SUMIF($S$2:$S$123,V35,$Q$2:$Q$123) -> 0 | AC35: =SUMIF($C$2:$C$123,V35,$E$2:$E$123)+SUMIF($S$2:$S$123,V35,$L$2:$L$123) -> 8 | AD35: =IFERROR(IF(W35>=($AI$42*$AI$43),(AC35)/(W35*3),"-"),"-") -> 0.16666667 | AE35: =IF(W35>0,IF(AI35=MAX($AI$32:$AI$36),2,0),) -> 2 | AF35: =IF(W35>0,IF(AD35=MAX($AD$32:$AD$36),AC35+AE35+2,AC35+AE35),) -> 12 | AG35: =SUMIF($C$2:$C$123,V35,$D$2:$D$123)+SUMIF($S$2:$S$123,V35,$R$2:$R$123) -> 0 | AH35: =IFERROR(IF(W35>=($AI$42*$AI$43),Y35/W35,"-"),"-") -> 0 | AI35: =IFERROR(IF(W35>=($AI$42*$AI$43),X35/W35,"-"),"-") -> 0 | BB35: Goleiro
B36: M | E36: =IF((C36=""),0,IF($D$30=$R$30,1,IF($D$30>$R$30,3,IF($D$30<$R$30,0)))) -> 0 | F36: =$D$30 -> 0 | G36: =$R$30 -> 0 | H36: =IF((C36=""),0,IF($D$30>$R$30,1,0)) -> 0 | I36: =IF((C36=""),0,IF($D$30=$R$30,1,0)) -> 0 | J36: =IF((C36=""),0,IF($D$30<$R$30,1,0)) -> 0 | L36: =IF((S36=""),0,IF($D$30=$R$30,1,IF($D$30<$R$30,3,IF($D$30>$R$30,0)))) -> 0 | M36: =$R$30 -> 0 | N36: =$D$30 -> 0 | O36: =IF((S36=""),0,IF($D$30<$R$30,1,0)) -> 0 | P36: =IF((S36=""),0,IF($D$30=$R$30,1,0)) -> 0 | Q36: =IF((S36=""),0,IF($D$30>$R$30,1,0)) -> 0 | U36: A | W36: =COUNTIF($C$2:$C$123,V36)+COUNTIF($S$2:$S$123,V36) -> 16 | X36: =SUMIF($C$2:$C$123,V36,$F$2:$F$123)+SUMIF($S$2:$S$123,V36,$M$2:$M$123) -> 0 | Y36: =SUMIF($C$2:$C$123,V36,$G$2:$G$123)+SUMIF($S$2:$S$123,V36,$N$2:$N$123) -> 0 | Z36: =SUMIF($C$2:$C$123,V36,$H$2:$H$123)+SUMIF($S$2:$S$123,V36,$O$2:$O$123) -> 0 | AA36: =SUMIF($C$2:$C$123,V36,$I$2:$I$123)+SUMIF($S$2:$S$123,V36,$P$2:P$123) -> 8 | AB36: =SUMIF($C$2:$C$123,V36,$J$2:$J$123)+SUMIF($S$2:$S$123,V36,$Q$2:$Q$123) -> 0 | AC36: =SUMIF($C$2:$C$123,V36,$E$2:$E$123)+SUMIF($S$2:$S$123,V36,$L$2:$L$123) -> 8 | AD36: =IFERROR(IF(W36>=($AI$42*$AI$43),(AC36)/(W36*3),"-"),"-") -> 0.16666667 | AE36: =IF(W36>0,IF(AI36=MAX($AI$32:$AI$36),2,0),) -> 2 | AF36: =IF(W36>0,IF(AD36=MAX($AD$32:$AD$36),AC36+AE36+2,AC36+AE36),) -> 12 | AG36: =SUMIF($C$2:$C$123,V36,$D$2:$D$123)+SUMIF($S$2:$S$123,V36,$R$2:$R$123) -> 0 | AH36: =IFERROR(IF(W36>=($AI$42*$AI$43),Y36/W36,"-"),"-") -> 0 | AI36: =IFERROR(IF(W36>=($AI$42*$AI$43),X36/W36,"-"),"-") -> 0
B37: M | E37: =IF((C37=""),0,IF($D$30=$R$30,1,IF($D$30>$R$30,3,IF($D$30<$R$30,0)))) -> 0 | F37: =$D$30 -> 0 | G37: =$R$30 -> 0 | H37: =IF((C37=""),0,IF($D$30>$R$30,1,0)) -> 0 | I37: =IF((C37=""),0,IF($D$30=$R$30,1,0)) -> 0 | J37: =IF((C37=""),0,IF($D$30<$R$30,1,0)) -> 0 | L37: =IF((S37=""),0,IF($D$30=$R$30,1,IF($D$30<$R$30,3,IF($D$30>$R$30,0)))) -> 0 | M37: =$R$30 -> 0 | N37: =$D$30 -> 0 | O37: =IF((S37=""),0,IF($D$30<$R$30,1,0)) -> 0 | P37: =IF((S37=""),0,IF($D$30=$R$30,1,0)) -> 0 | Q37: =IF((S37=""),0,IF($D$30>$R$30,1,0)) -> 0 | U37: Total Peladeiros | W37: Jogos | X37: Gols Feitos | Y37: Gols Sofridos | Z37: Vitória | AA37: Empate | AB37: Derrota | AC37: Pontos | AD37: Aproveit. | AE37: Ponto Extra pela média | AF37: Pontos Totais | AG37: =SUM(AG3:AG36) -> 0 | AH37: Gols sofridos por jogo | AI37: Gols feitos por jogo
B38: A | E38: =IF((C38=""),0,IF($D$30=$R$30,1,IF($D$30>$R$30,3,IF($D$30<$R$30,0)))) -> 0 | F38: =$D$30 -> 0 | G38: =$R$30 -> 0 | H38: =IF((C38=""),0,IF($D$30>$R$30,1,0)) -> 0 | I38: =IF((C38=""),0,IF($D$30=$R$30,1,0)) -> 0 | J38: =IF((C38=""),0,IF($D$30<$R$30,1,0)) -> 0 | L38: =IF((S38=""),0,IF($D$30=$R$30,1,IF($D$30<$R$30,3,IF($D$30>$R$30,0)))) -> 0 | M38: =$R$30 -> 0 | N38: =$D$30 -> 0 | O38: =IF((S38=""),0,IF($D$30<$R$30,1,0)) -> 0 | P38: =IF((S38=""),0,IF($D$30=$R$30,1,0)) -> 0 | Q38: =IF((S38=""),0,IF($D$30>$R$30,1,0)) -> 0 | U38: =COUNTA(V3:V36) -> 0 | V38: =U38/Resumo!C159 -> 0 | AG38: Gols feitos
B39: S | E39: =IF((C39=""),0,IF($D$30=$R$30,1,IF($D$30>$R$30,3,IF($D$30<$R$30,0)))) -> 0 | F39: =$D$30 -> 0 | G39: =$R$30 -> 0 | H39: =IF((C39=""),0,IF($D$30>$R$30,1,0)) -> 0 | I39: =IF((C39=""),0,IF($D$30=$R$30,1,0)) -> 0 | J39: =IF((C39=""),0,IF($D$30<$R$30,1,0)) -> 0 | L39: =IF((S39=""),0,IF($D$30=$R$30,1,IF($D$30<$R$30,3,IF($D$30>$R$30,0)))) -> 0 | M39: =$R$30 -> 0 | N39: =$D$30 -> 0 | O39: =IF((S39=""),0,IF($D$30<$R$30,1,0)) -> 0 | P39: =IF((S39=""),0,IF($D$30=$R$30,1,0)) -> 0 | Q39: =IF((S39=""),0,IF($D$30>$R$30,1,0)) -> 0 | U39: Convidados
B40: S | E40: =IF((C40=""),0,IF($D$30=$R$30,1,IF($D$30>$R$30,3,IF($D$30<$R$30,0)))) -> 0 | F40: =$D$30 -> 0 | G40: =$R$30 -> 0 | H40: =IF((C40=""),0,IF($D$30>$R$30,1,0)) -> 0 | I40: =IF((C40=""),0,IF($D$30=$R$30,1,0)) -> 0 | J40: =IF((C40=""),0,IF($D$30<$R$30,1,0)) -> 0 | L40: =IF((S40=""),0,IF($D$30=$R$30,1,IF($D$30<$R$30,3,IF($D$30>$R$30,0)))) -> 0 | M40: =$R$30 -> 0 | N40: =$D$30 -> 0 | O40: =IF((S40=""),0,IF($D$30<$R$30,1,0)) -> 0 | P40: =IF((S40=""),0,IF($D$30=$R$30,1,0)) -> 0 | Q40: =IF((S40=""),0,IF($D$30>$R$30,1,0)) -> 0 | U40: =V41-U38 -> 0
V41: =COUNTA(V43:V76) -> 0
K42: Jogo4 | U42: # | V42: Nome | W42: G | X42: Z | Y42: LD | Z42: LE | AA42: V | AB42: M | AC42: A | AH42: Total de Jogos: | AI42: =W43 -> 8
C43: =S4 -> 0 | D43: =SUM(D44:D53) -> 0 | E43: P | F43: GA | G43: GC | H43: V | I43: E | J43: D | K43: x | L43: P | M43: GA | N43: GC | O43: V | P43: E | Q43: D | R43: =SUM(R44:R53) -> 0 | S43: =C4 -> 0 | U43: =IFERROR(VLOOKUP(V43,Resumo!$D$7:$E$147,2,FALSE),"") | W43: =COUNTIFS($C$4:$C$131,$V43,$B$4:$B$131,W$42)+COUNTIFS($S$4:$S$131,$V43,$B$4:$B$131,W$42) -> 8 | X43: =COUNTIFS($C$4:$C$131,$V43,$B$4:$B$131,X$42)+COUNTIFS($S$4:$S$131,$V43,$B$4:$B$131,X$42) -> 0 | Y43: =COUNTIFS($C$4:$C$131,$V43,$B$4:$B$131,Y$42)+COUNTIFS($S$4:$S$131,$V43,$B$4:$B$131,Y$42) -> 0 | Z43: =COUNTIFS($C$4:$C$131,$V43,$B$4:$B$131,Z$42)+COUNTIFS($S$4:$S$131,$V43,$B$4:$B$131,Z$42) -> 0 | AA43: =COUNTIFS($C$4:$C$131,$V43,$B$4:$B$131,AA$42)+COUNTIFS($S$4:$S$131,$V43,$B$4:$B$131,AA$42) -> 0 | AB43: =COUNTIFS($C$4:$C$131,$V43,$B$4:$B$131,AB$42)+COUNTIFS($S$4:$S$131,$V43,$B$4:$B$131,AB$42) -> 0 | AC43: =COUNTIFS($C$4:$C$131,$V43,$B$4:$B$131,AC$42)+COUNTIFS($S$4:$S$131,$V43,$B$4:$B$131,AC$42) -> 0 | AH43: Percentual mínimo: | AI43: 0.4
B44: G | C44: =$C$5 -> 0 | E44: =IF((C44=""),0,IF($D$43=$R$43,1,IF($D$43>$R$43,3,IF($D$43<$R$43,0)))) -> 1 | F44: =$D$43 -> 0 | G44: =$R$43 -> 0 | H44: =IF((C44=""),0,IF($D$43>$R$43,1,0)) -> 0 | I44: =IF((C44=""),0,IF($D$43=$R$43,1,0)) -> 1 | J44: =IF((C44=""),0,IF($D$43<$R$43,1,0)) -> 0 | L44: =IF((S44=""),0,IF($D$43=$R$43,1,IF($D$43<$R$43,3,IF($D$43>$R$43,0)))) -> 1 | M44: =$R$43 -> 0 | N44: =$D$43 -> 0 | O44: =IF((S44=""),0,IF($D$43<$R$43,1,0)) -> 0 | P44: =IF((S44=""),0,IF($D$43=$R$43,1,0)) -> 1 | Q44: =IF((S44=""),0,IF($D$43>$R$43,1,0)) -> 0 | S44: =$S$5 -> 0 | U44: =IFERROR(VLOOKUP(V44,Resumo!$D$7:$E$147,2,FALSE),"") | W44: =COUNTIFS($C$4:$C$131,$V44,$B$4:$B$131,W$42)+COUNTIFS($S$4:$S$131,$V44,$B$4:$B$131,W$42) -> 8 | X44: =COUNTIFS($C$4:$C$131,$V44,$B$4:$B$131,X$42)+COUNTIFS($S$4:$S$131,$V44,$B$4:$B$131,X$42) -> 0 | Y44: =COUNTIFS($C$4:$C$131,$V44,$B$4:$B$131,Y$42)+COUNTIFS($S$4:$S$131,$V44,$B$4:$B$131,Y$42) -> 0 | Z44: =COUNTIFS($C$4:$C$131,$V44,$B$4:$B$131,Z$42)+COUNTIFS($S$4:$S$131,$V44,$B$4:$B$131,Z$42) -> 0 | AA44: =COUNTIFS($C$4:$C$131,$V44,$B$4:$B$131,AA$42)+COUNTIFS($S$4:$S$131,$V44,$B$4:$B$131,AA$42) -> 0 | AB44: =COUNTIFS($C$4:$C$131,$V44,$B$4:$B$131,AB$42)+COUNTIFS($S$4:$S$131,$V44,$B$4:$B$131,AB$42) -> 0 | AC44: =COUNTIFS($C$4:$C$131,$V44,$B$4:$B$131,AC$42)+COUNTIFS($S$4:$S$131,$V44,$B$4:$B$131,AC$42) -> 0
B45: Z | E45: =IF((C45=""),0,IF($D$43=$R$43,1,IF($D$43>$R$43,3,IF($D$43<$R$43,0)))) -> 0 | F45: =$D$43 -> 0 | G45: =$R$43 -> 0 | H45: =IF((C45=""),0,IF($D$43>$R$43,1,0)) -> 0 | I45: =IF((C45=""),0,IF($D$43=$R$43,1,0)) -> 0 | J45: =IF((C45=""),0,IF($D$43<$R$43,1,0)) -> 0 | L45: =IF((S45=""),0,IF($D$43=$R$43,1,IF($D$43<$R$43,3,IF($D$43>$R$43,0)))) -> 0 | M45: =$R$43 -> 0 | N45: =$D$43 -> 0 | O45: =IF((S45=""),0,IF($D$43<$R$43,1,0)) -> 0 | P45: =IF((S45=""),0,IF($D$43=$R$43,1,0)) -> 0 | Q45: =IF((S45=""),0,IF($D$43>$R$43,1,0)) -> 0 | U45: =IFERROR(VLOOKUP(V45,Resumo!$D$7:$E$147,2,FALSE),"") | W45: =COUNTIFS($C$4:$C$131,$V45,$B$4:$B$131,W$42)+COUNTIFS($S$4:$S$131,$V45,$B$4:$B$131,W$42) -> 8 | X45: =COUNTIFS($C$4:$C$131,$V45,$B$4:$B$131,X$42)+COUNTIFS($S$4:$S$131,$V45,$B$4:$B$131,X$42) -> 0 | Y45: =COUNTIFS($C$4:$C$131,$V45,$B$4:$B$131,Y$42)+COUNTIFS($S$4:$S$131,$V45,$B$4:$B$131,Y$42) -> 0 | Z45: =COUNTIFS($C$4:$C$131,$V45,$B$4:$B$131,Z$42)+COUNTIFS($S$4:$S$131,$V45,$B$4:$B$131,Z$42) -> 0 | AA45: =COUNTIFS($C$4:$C$131,$V45,$B$4:$B$131,AA$42)+COUNTIFS($S$4:$S$131,$V45,$B$4:$B$131,AA$42) -> 0 | AB45: =COUNTIFS($C$4:$C$131,$V45,$B$4:$B$131,AB$42)+COUNTIFS($S$4:$S$131,$V45,$B$4:$B$131,AB$42) -> 0 | AC45: =COUNTIFS($C$4:$C$131,$V45,$B$4:$B$131,AC$42)+COUNTIFS($S$4:$S$131,$V45,$B$4:$B$131,AC$42) -> 0
B46: LD | E46: =IF((C46=""),0,IF($D$43=$R$43,1,IF($D$43>$R$43,3,IF($D$43<$R$43,0)))) -> 0 | F46: =$D$43 -> 0 | G46: =$R$43 -> 0 | H46: =IF((C46=""),0,IF($D$43>$R$43,1,0)) -> 0 | I46: =IF((C46=""),0,IF($D$43=$R$43,1,0)) -> 0 | J46: =IF((C46=""),0,IF($D$43<$R$43,1,0)) -> 0 | L46: =IF((S46=""),0,IF($D$43=$R$43,1,IF($D$43<$R$43,3,IF($D$43>$R$43,0)))) -> 0 | M46: =$R$43 -> 0 | N46: =$D$43 -> 0 | O46: =IF((S46=""),0,IF($D$43<$R$43,1,0)) -> 0 | P46: =IF((S46=""),0,IF($D$43=$R$43,1,0)) -> 0 | Q46: =IF((S46=""),0,IF($D$43>$R$43,1,0)) -> 0 | U46: =IFERROR(VLOOKUP(V46,Resumo!$D$7:$E$147,2,FALSE),"") | W46: =COUNTIFS($C$4:$C$131,$V46,$B$4:$B$131,W$42)+COUNTIFS($S$4:$S$131,$V46,$B$4:$B$131,W$42) -> 8 | X46: =COUNTIFS($C$4:$C$131,$V46,$B$4:$B$131,X$42)+COUNTIFS($S$4:$S$131,$V46,$B$4:$B$131,X$42) -> 0 | Y46: =COUNTIFS($C$4:$C$131,$V46,$B$4:$B$131,Y$42)+COUNTIFS($S$4:$S$131,$V46,$B$4:$B$131,Y$42) -> 0 | Z46: =COUNTIFS($C$4:$C$131,$V46,$B$4:$B$131,Z$42)+COUNTIFS($S$4:$S$131,$V46,$B$4:$B$131,Z$42) -> 0 | AA46: =COUNTIFS($C$4:$C$131,$V46,$B$4:$B$131,AA$42)+COUNTIFS($S$4:$S$131,$V46,$B$4:$B$131,AA$42) -> 0 | AB46: =COUNTIFS($C$4:$C$131,$V46,$B$4:$B$131,AB$42)+COUNTIFS($S$4:$S$131,$V46,$B$4:$B$131,AB$42) -> 0 | AC46: =COUNTIFS($C$4:$C$131,$V46,$B$4:$B$131,AC$42)+COUNTIFS($S$4:$S$131,$V46,$B$4:$B$131,AC$42) -> 0
B47: LE | E47: =IF((C47=""),0,IF($D$43=$R$43,1,IF($D$43>$R$43,3,IF($D$43<$R$43,0)))) -> 0 | F47: =$D$43 -> 0 | G47: =$R$43 -> 0 | H47: =IF((C47=""),0,IF($D$43>$R$43,1,0)) -> 0 | I47: =IF((C47=""),0,IF($D$43=$R$43,1,0)) -> 0 | J47: =IF((C47=""),0,IF($D$43<$R$43,1,0)) -> 0 | L47: =IF((S47=""),0,IF($D$43=$R$43,1,IF($D$43<$R$43,3,IF($D$43>$R$43,0)))) -> 0 | M47: =$R$43 -> 0 | N47: =$D$43 -> 0 | O47: =IF((S47=""),0,IF($D$43<$R$43,1,0)) -> 0 | P47: =IF((S47=""),0,IF($D$43=$R$43,1,0)) -> 0 | Q47: =IF((S47=""),0,IF($D$43>$R$43,1,0)) -> 0 | U47: =IFERROR(VLOOKUP(V47,Resumo!$D$7:$E$147,2,FALSE),"") | W47: =COUNTIFS($C$4:$C$131,$V47,$B$4:$B$131,W$42)+COUNTIFS($S$4:$S$131,$V47,$B$4:$B$131,W$42) -> 8 | X47: =COUNTIFS($C$4:$C$131,$V47,$B$4:$B$131,X$42)+COUNTIFS($S$4:$S$131,$V47,$B$4:$B$131,X$42) -> 0 | Y47: =COUNTIFS($C$4:$C$131,$V47,$B$4:$B$131,Y$42)+COUNTIFS($S$4:$S$131,$V47,$B$4:$B$131,Y$42) -> 0 | Z47: =COUNTIFS($C$4:$C$131,$V47,$B$4:$B$131,Z$42)+COUNTIFS($S$4:$S$131,$V47,$B$4:$B$131,Z$42) -> 0 | AA47: =COUNTIFS($C$4:$C$131,$V47,$B$4:$B$131,AA$42)+COUNTIFS($S$4:$S$131,$V47,$B$4:$B$131,AA$42) -> 0 | AB47: =COUNTIFS($C$4:$C$131,$V47,$B$4:$B$131,AB$42)+COUNTIFS($S$4:$S$131,$V47,$B$4:$B$131,AB$42) -> 0 | AC47: =COUNTIFS($C$4:$C$131,$V47,$B$4:$B$131,AC$42)+COUNTIFS($S$4:$S$131,$V47,$B$4:$B$131,AC$42) -> 0
B48: V | E48: =IF((C48=""),0,IF($D$43=$R$43,1,IF($D$43>$R$43,3,IF($D$43<$R$43,0)))) -> 0 | F48: =$D$43 -> 0 | G48: =$R$43 -> 0 | H48: =IF((C48=""),0,IF($D$43>$R$43,1,0)) -> 0 | I48: =IF((C48=""),0,IF($D$43=$R$43,1,0)) -> 0 | J48: =IF((C48=""),0,IF($D$43<$R$43,1,0)) -> 0 | L48: =IF((S48=""),0,IF($D$43=$R$43,1,IF($D$43<$R$43,3,IF($D$43>$R$43,0)))) -> 0 | M48: =$R$43 -> 0 | N48: =$D$43 -> 0 | O48: =IF((S48=""),0,IF($D$43<$R$43,1,0)) -> 0 | P48: =IF((S48=""),0,IF($D$43=$R$43,1,0)) -> 0 | Q48: =IF((S48=""),0,IF($D$43>$R$43,1,0)) -> 0 | U48: =IFERROR(VLOOKUP(V48,Resumo!$D$7:$E$147,2,FALSE),"") | W48: =COUNTIFS($C$4:$C$131,$V48,$B$4:$B$131,W$42)+COUNTIFS($S$4:$S$131,$V48,$B$4:$B$131,W$42) -> 8 | X48: =COUNTIFS($C$4:$C$131,$V48,$B$4:$B$131,X$42)+COUNTIFS($S$4:$S$131,$V48,$B$4:$B$131,X$42) -> 0 | Y48: =COUNTIFS($C$4:$C$131,$V48,$B$4:$B$131,Y$42)+COUNTIFS($S$4:$S$131,$V48,$B$4:$B$131,Y$42) -> 0 | Z48: =COUNTIFS($C$4:$C$131,$V48,$B$4:$B$131,Z$42)+COUNTIFS($S$4:$S$131,$V48,$B$4:$B$131,Z$42) -> 0 | AA48: =COUNTIFS($C$4:$C$131,$V48,$B$4:$B$131,AA$42)+COUNTIFS($S$4:$S$131,$V48,$B$4:$B$131,AA$42) -> 0 | AB48: =COUNTIFS($C$4:$C$131,$V48,$B$4:$B$131,AB$42)+COUNTIFS($S$4:$S$131,$V48,$B$4:$B$131,AB$42) -> 0 | AC48: =COUNTIFS($C$4:$C$131,$V48,$B$4:$B$131,AC$42)+COUNTIFS($S$4:$S$131,$V48,$B$4:$B$131,AC$42) -> 0
B49: M | E49: =IF((C49=""),0,IF($D$43=$R$43,1,IF($D$43>$R$43,3,IF($D$43<$R$43,0)))) -> 0 | F49: =$D$43 -> 0 | G49: =$R$43 -> 0 | H49: =IF((C49=""),0,IF($D$43>$R$43,1,0)) -> 0 | I49: =IF((C49=""),0,IF($D$43=$R$43,1,0)) -> 0 | J49: =IF((C49=""),0,IF($D$43<$R$43,1,0)) -> 0 | L49: =IF((S49=""),0,IF($D$43=$R$43,1,IF($D$43<$R$43,3,IF($D$43>$R$43,0)))) -> 0 | M49: =$R$43 -> 0 | N49: =$D$43 -> 0 | O49: =IF((S49=""),0,IF($D$43<$R$43,1,0)) -> 0 | P49: =IF((S49=""),0,IF($D$43=$R$43,1,0)) -> 0 | Q49: =IF((S49=""),0,IF($D$43>$R$43,1,0)) -> 0 | U49: =IFERROR(VLOOKUP(V49,Resumo!$D$7:$E$147,2,FALSE),"") | W49: =COUNTIFS($C$4:$C$131,$V49,$B$4:$B$131,W$42)+COUNTIFS($S$4:$S$131,$V49,$B$4:$B$131,W$42) -> 8 | X49: =COUNTIFS($C$4:$C$131,$V49,$B$4:$B$131,X$42)+COUNTIFS($S$4:$S$131,$V49,$B$4:$B$131,X$42) -> 0 | Y49: =COUNTIFS($C$4:$C$131,$V49,$B$4:$B$131,Y$42)+COUNTIFS($S$4:$S$131,$V49,$B$4:$B$131,Y$42) -> 0 | Z49: =COUNTIFS($C$4:$C$131,$V49,$B$4:$B$131,Z$42)+COUNTIFS($S$4:$S$131,$V49,$B$4:$B$131,Z$42) -> 0 | AA49: =COUNTIFS($C$4:$C$131,$V49,$B$4:$B$131,AA$42)+COUNTIFS($S$4:$S$131,$V49,$B$4:$B$131,AA$42) -> 0 | AB49: =COUNTIFS($C$4:$C$131,$V49,$B$4:$B$131,AB$42)+COUNTIFS($S$4:$S$131,$V49,$B$4:$B$131,AB$42) -> 0 | AC49: =COUNTIFS($C$4:$C$131,$V49,$B$4:$B$131,AC$42)+COUNTIFS($S$4:$S$131,$V49,$B$4:$B$131,AC$42) -> 0
B50: M | E50: =IF((C50=""),0,IF($D$43=$R$43,1,IF($D$43>$R$43,3,IF($D$43<$R$43,0)))) -> 0 | F50: =$D$43 -> 0 | G50: =$R$43 -> 0 | H50: =IF((C50=""),0,IF($D$43>$R$43,1,0)) -> 0 | I50: =IF((C50=""),0,IF($D$43=$R$43,1,0)) -> 0 | J50: =IF((C50=""),0,IF($D$43<$R$43,1,0)) -> 0 | L50: =IF((S50=""),0,IF($D$43=$R$43,1,IF($D$43<$R$43,3,IF($D$43>$R$43,0)))) -> 0 | M50: =$R$43 -> 0 | N50: =$D$43 -> 0 | O50: =IF((S50=""),0,IF($D$43<$R$43,1,0)) -> 0 | P50: =IF((S50=""),0,IF($D$43=$R$43,1,0)) -> 0 | Q50: =IF((S50=""),0,IF($D$43>$R$43,1,0)) -> 0 | U50: =IFERROR(VLOOKUP(V50,Resumo!$D$7:$E$147,2,FALSE),"") | W50: =COUNTIFS($C$4:$C$131,$V50,$B$4:$B$131,W$42)+COUNTIFS($S$4:$S$131,$V50,$B$4:$B$131,W$42) -> 8 | X50: =COUNTIFS($C$4:$C$131,$V50,$B$4:$B$131,X$42)+COUNTIFS($S$4:$S$131,$V50,$B$4:$B$131,X$42) -> 0 | Y50: =COUNTIFS($C$4:$C$131,$V50,$B$4:$B$131,Y$42)+COUNTIFS($S$4:$S$131,$V50,$B$4:$B$131,Y$42) -> 0 | Z50: =COUNTIFS($C$4:$C$131,$V50,$B$4:$B$131,Z$42)+COUNTIFS($S$4:$S$131,$V50,$B$4:$B$131,Z$42) -> 0 | AA50: =COUNTIFS($C$4:$C$131,$V50,$B$4:$B$131,AA$42)+COUNTIFS($S$4:$S$131,$V50,$B$4:$B$131,AA$42) -> 0 | AB50: =COUNTIFS($C$4:$C$131,$V50,$B$4:$B$131,AB$42)+COUNTIFS($S$4:$S$131,$V50,$B$4:$B$131,AB$42) -> 0 | AC50: =COUNTIFS($C$4:$C$131,$V50,$B$4:$B$131,AC$42)+COUNTIFS($S$4:$S$131,$V50,$B$4:$B$131,AC$42) -> 0
B51: A | E51: =IF((C51=""),0,IF($D$43=$R$43,1,IF($D$43>$R$43,3,IF($D$43<$R$43,0)))) -> 0 | F51: =$D$43 -> 0 | G51: =$R$43 -> 0 | H51: =IF((C51=""),0,IF($D$43>$R$43,1,0)) -> 0 | I51: =IF((C51=""),0,IF($D$43=$R$43,1,0)) -> 0 | J51: =IF((C51=""),0,IF($D$43<$R$43,1,0)) -> 0 | L51: =IF((S51=""),0,IF($D$43=$R$43,1,IF($D$43<$R$43,3,IF($D$43>$R$43,0)))) -> 0 | M51: =$R$43 -> 0 | N51: =$D$43 -> 0 | O51: =IF((S51=""),0,IF($D$43<$R$43,1,0)) -> 0 | P51: =IF((S51=""),0,IF($D$43=$R$43,1,0)) -> 0 | Q51: =IF((S51=""),0,IF($D$43>$R$43,1,0)) -> 0 | U51: =IFERROR(VLOOKUP(V51,Resumo!$D$7:$E$147,2,FALSE),"") | W51: =COUNTIFS($C$4:$C$131,$V51,$B$4:$B$131,W$42)+COUNTIFS($S$4:$S$131,$V51,$B$4:$B$131,W$42) -> 8 | X51: =COUNTIFS($C$4:$C$131,$V51,$B$4:$B$131,X$42)+COUNTIFS($S$4:$S$131,$V51,$B$4:$B$131,X$42) -> 0 | Y51: =COUNTIFS($C$4:$C$131,$V51,$B$4:$B$131,Y$42)+COUNTIFS($S$4:$S$131,$V51,$B$4:$B$131,Y$42) -> 0 | Z51: =COUNTIFS($C$4:$C$131,$V51,$B$4:$B$131,Z$42)+COUNTIFS($S$4:$S$131,$V51,$B$4:$B$131,Z$42) -> 0 | AA51: =COUNTIFS($C$4:$C$131,$V51,$B$4:$B$131,AA$42)+COUNTIFS($S$4:$S$131,$V51,$B$4:$B$131,AA$42) -> 0 | AB51: =COUNTIFS($C$4:$C$131,$V51,$B$4:$B$131,AB$42)+COUNTIFS($S$4:$S$131,$V51,$B$4:$B$131,AB$42) -> 0 | AC51: =COUNTIFS($C$4:$C$131,$V51,$B$4:$B$131,AC$42)+COUNTIFS($S$4:$S$131,$V51,$B$4:$B$131,AC$42) -> 0
B52: S | E52: =IF((C52=""),0,IF($D$43=$R$43,1,IF($D$43>$R$43,3,IF($D$43<$R$43,0)))) -> 0 | F52: =$D$43 -> 0 | G52: =$R$43 -> 0 | H52: =IF((C52=""),0,IF($D$43>$R$43,1,0)) -> 0 | I52: =IF((C52=""),0,IF($D$43=$R$43,1,0)) -> 0 | J52: =IF((C52=""),0,IF($D$43<$R$43,1,0)) -> 0 | L52: =IF((S52=""),0,IF($D$43=$R$43,1,IF($D$43<$R$43,3,IF($D$43>$R$43,0)))) -> 0 | M52: =$R$43 -> 0 | N52: =$D$43 -> 0 | O52: =IF((S52=""),0,IF($D$43<$R$43,1,0)) -> 0 | P52: =IF((S52=""),0,IF($D$43=$R$43,1,0)) -> 0 | Q52: =IF((S52=""),0,IF($D$43>$R$43,1,0)) -> 0 | U52: =IFERROR(VLOOKUP(V52,Resumo!$D$7:$E$147,2,FALSE),"") | W52: =COUNTIFS($C$4:$C$131,$V52,$B$4:$B$131,W$42)+COUNTIFS($S$4:$S$131,$V52,$B$4:$B$131,W$42) -> 8 | X52: =COUNTIFS($C$4:$C$131,$V52,$B$4:$B$131,X$42)+COUNTIFS($S$4:$S$131,$V52,$B$4:$B$131,X$42) -> 0 | Y52: =COUNTIFS($C$4:$C$131,$V52,$B$4:$B$131,Y$42)+COUNTIFS($S$4:$S$131,$V52,$B$4:$B$131,Y$42) -> 0 | Z52: =COUNTIFS($C$4:$C$131,$V52,$B$4:$B$131,Z$42)+COUNTIFS($S$4:$S$131,$V52,$B$4:$B$131,Z$42) -> 0 | AA52: =COUNTIFS($C$4:$C$131,$V52,$B$4:$B$131,AA$42)+COUNTIFS($S$4:$S$131,$V52,$B$4:$B$131,AA$42) -> 0 | AB52: =COUNTIFS($C$4:$C$131,$V52,$B$4:$B$131,AB$42)+COUNTIFS($S$4:$S$131,$V52,$B$4:$B$131,AB$42) -> 0 | AC52: =COUNTIFS($C$4:$C$131,$V52,$B$4:$B$131,AC$42)+COUNTIFS($S$4:$S$131,$V52,$B$4:$B$131,AC$42) -> 0
B53: S | E53: =IF((C53=""),0,IF($D$43=$R$43,1,IF($D$43>$R$43,3,IF($D$43<$R$43,0)))) -> 0 | F53: =$D$43 -> 0 | G53: =$R$43 -> 0 | H53: =IF((C53=""),0,IF($D$43>$R$43,1,0)) -> 0 | I53: =IF((C53=""),0,IF($D$43=$R$43,1,0)) -> 0 | J53: =IF((C53=""),0,IF($D$43<$R$43,1,0)) -> 0 | L53: =IF((S53=""),0,IF($D$43=$R$43,1,IF($D$43<$R$43,3,IF($D$43>$R$43,0)))) -> 0 | M53: =$R$43 -> 0 | N53: =$D$43 -> 0 | O53: =IF((S53=""),0,IF($D$43<$R$43,1,0)) -> 0 | P53: =IF((S53=""),0,IF($D$43=$R$43,1,0)) -> 0 | Q53: =IF((S53=""),0,IF($D$43>$R$43,1,0)) -> 0 | U53: =IFERROR(VLOOKUP(V53,Resumo!$D$7:$E$147,2,FALSE),"") | W53: =COUNTIFS($C$4:$C$131,$V53,$B$4:$B$131,W$42)+COUNTIFS($S$4:$S$131,$V53,$B$4:$B$131,W$42) -> 8 | X53: =COUNTIFS($C$4:$C$131,$V53,$B$4:$B$131,X$42)+COUNTIFS($S$4:$S$131,$V53,$B$4:$B$131,X$42) -> 0 | Y53: =COUNTIFS($C$4:$C$131,$V53,$B$4:$B$131,Y$42)+COUNTIFS($S$4:$S$131,$V53,$B$4:$B$131,Y$42) -> 0 | Z53: =COUNTIFS($C$4:$C$131,$V53,$B$4:$B$131,Z$42)+COUNTIFS($S$4:$S$131,$V53,$B$4:$B$131,Z$42) -> 0 | AA53: =COUNTIFS($C$4:$C$131,$V53,$B$4:$B$131,AA$42)+COUNTIFS($S$4:$S$131,$V53,$B$4:$B$131,AA$42) -> 0 | AB53: =COUNTIFS($C$4:$C$131,$V53,$B$4:$B$131,AB$42)+COUNTIFS($S$4:$S$131,$V53,$B$4:$B$131,AB$42) -> 0 | AC53: =COUNTIFS($C$4:$C$131,$V53,$B$4:$B$131,AC$42)+COUNTIFS($S$4:$S$131,$V53,$B$4:$B$131,AC$42) -> 0
U54: =IFERROR(VLOOKUP(V54,Resumo!$D$7:$E$147,2,FALSE),"") | W54: =COUNTIFS($C$4:$C$131,$V54,$B$4:$B$131,W$42)+COUNTIFS($S$4:$S$131,$V54,$B$4:$B$131,W$42) -> 8 | X54: =COUNTIFS($C$4:$C$131,$V54,$B$4:$B$131,X$42)+COUNTIFS($S$4:$S$131,$V54,$B$4:$B$131,X$42) -> 0 | Y54: =COUNTIFS($C$4:$C$131,$V54,$B$4:$B$131,Y$42)+COUNTIFS($S$4:$S$131,$V54,$B$4:$B$131,Y$42) -> 0 | Z54: =COUNTIFS($C$4:$C$131,$V54,$B$4:$B$131,Z$42)+COUNTIFS($S$4:$S$131,$V54,$B$4:$B$131,Z$42) -> 0 | AA54: =COUNTIFS($C$4:$C$131,$V54,$B$4:$B$131,AA$42)+COUNTIFS($S$4:$S$131,$V54,$B$4:$B$131,AA$42) -> 0 | AB54: =COUNTIFS($C$4:$C$131,$V54,$B$4:$B$131,AB$42)+COUNTIFS($S$4:$S$131,$V54,$B$4:$B$131,AB$42) -> 0 | AC54: =COUNTIFS($C$4:$C$131,$V54,$B$4:$B$131,AC$42)+COUNTIFS($S$4:$S$131,$V54,$B$4:$B$131,AC$42) -> 0
K55: Jogo5 | U55: =IFERROR(VLOOKUP(V55,Resumo!$D$7:$E$147,2,FALSE),"") | W55: =COUNTIFS($C$4:$C$131,$V55,$B$4:$B$131,W$42)+COUNTIFS($S$4:$S$131,$V55,$B$4:$B$131,W$42) -> 8 | X55: =COUNTIFS($C$4:$C$131,$V55,$B$4:$B$131,X$42)+COUNTIFS($S$4:$S$131,$V55,$B$4:$B$131,X$42) -> 0 | Y55: =COUNTIFS($C$4:$C$131,$V55,$B$4:$B$131,Y$42)+COUNTIFS($S$4:$S$131,$V55,$B$4:$B$131,Y$42) -> 0 | Z55: =COUNTIFS($C$4:$C$131,$V55,$B$4:$B$131,Z$42)+COUNTIFS($S$4:$S$131,$V55,$B$4:$B$131,Z$42) -> 0 | AA55: =COUNTIFS($C$4:$C$131,$V55,$B$4:$B$131,AA$42)+COUNTIFS($S$4:$S$131,$V55,$B$4:$B$131,AA$42) -> 0 | AB55: =COUNTIFS($C$4:$C$131,$V55,$B$4:$B$131,AB$42)+COUNTIFS($S$4:$S$131,$V55,$B$4:$B$131,AB$42) -> 0 | AC55: =COUNTIFS($C$4:$C$131,$V55,$B$4:$B$131,AC$42)+COUNTIFS($S$4:$S$131,$V55,$B$4:$B$131,AC$42) -> 0
C56: =C4 -> 0 | D56: =SUM(D57:D66) -> 0 | E56: P | F56: GA | G56: GC | H56: V | I56: E | J56: D | K56: x | L56: P | M56: GA | N56: GC | O56: V | P56: E | Q56: D | R56: =SUM(R57:R66) -> 0 | S56: =S4 -> 0 | U56: =IFERROR(VLOOKUP(V56,Resumo!$D$7:$E$147,2,FALSE),"") | W56: =COUNTIFS($C$4:$C$131,$V56,$B$4:$B$131,W$42)+COUNTIFS($S$4:$S$131,$V56,$B$4:$B$131,W$42) -> 8 | X56: =COUNTIFS($C$4:$C$131,$V56,$B$4:$B$131,X$42)+COUNTIFS($S$4:$S$131,$V56,$B$4:$B$131,X$42) -> 0 | Y56: =COUNTIFS($C$4:$C$131,$V56,$B$4:$B$131,Y$42)+COUNTIFS($S$4:$S$131,$V56,$B$4:$B$131,Y$42) -> 0 | Z56: =COUNTIFS($C$4:$C$131,$V56,$B$4:$B$131,Z$42)+COUNTIFS($S$4:$S$131,$V56,$B$4:$B$131,Z$42) -> 0 | AA56: =COUNTIFS($C$4:$C$131,$V56,$B$4:$B$131,AA$42)+COUNTIFS($S$4:$S$131,$V56,$B$4:$B$131,AA$42) -> 0 | AB56: =COUNTIFS($C$4:$C$131,$V56,$B$4:$B$131,AB$42)+COUNTIFS($S$4:$S$131,$V56,$B$4:$B$131,AB$42) -> 0 | AC56: =COUNTIFS($C$4:$C$131,$V56,$B$4:$B$131,AC$42)+COUNTIFS($S$4:$S$131,$V56,$B$4:$B$131,AC$42) -> 0
B57: G | C57: =C5 -> 0 | E57: =IF((C57=""),0,IF($D$56=$R$56,1,IF($D$56>$R$56,3,IF($D$56<$R$56,0)))) -> 1 | F57: =$D$56 -> 0 | G57: =$R$56 -> 0 | H57: =IF((C57=""),0,IF($D$56>$R$56,1,0)) -> 0 | I57: =IF((C57=""),0,IF($D$56=$R$56,1,0)) -> 1 | J57: =IF((C57=""),0,IF($D$56<$R$56,1,0)) -> 0 | L57: =IF((S57=""),0,IF($D$56=$R$56,1,IF($D$56<$R$56,3,IF($D$56>$R$56,0)))) -> 1 | M57: =$R$56 -> 0 | N57: =$D$56 -> 0 | O57: =IF((S57=""),0,IF($D$56<$R$56,1,0)) -> 0 | P57: =IF((S57=""),0,IF($D$56=$R$56,1,0)) -> 1 | Q57: =IF((S57=""),0,IF($D$56>$R$56,1,0)) -> 0 | S57: =S5 -> 0 | U57: =IFERROR(VLOOKUP(V57,Resumo!$D$7:$E$147,2,FALSE),"") | W57: =COUNTIFS($C$4:$C$131,$V57,$B$4:$B$131,W$42)+COUNTIFS($S$4:$S$131,$V57,$B$4:$B$131,W$42) -> 8 | X57: =COUNTIFS($C$4:$C$131,$V57,$B$4:$B$131,X$42)+COUNTIFS($S$4:$S$131,$V57,$B$4:$B$131,X$42) -> 0 | Y57: =COUNTIFS($C$4:$C$131,$V57,$B$4:$B$131,Y$42)+COUNTIFS($S$4:$S$131,$V57,$B$4:$B$131,Y$42) -> 0 | Z57: =COUNTIFS($C$4:$C$131,$V57,$B$4:$B$131,Z$42)+COUNTIFS($S$4:$S$131,$V57,$B$4:$B$131,Z$42) -> 0 | AA57: =COUNTIFS($C$4:$C$131,$V57,$B$4:$B$131,AA$42)+COUNTIFS($S$4:$S$131,$V57,$B$4:$B$131,AA$42) -> 0 | AB57: =COUNTIFS($C$4:$C$131,$V57,$B$4:$B$131,AB$42)+COUNTIFS($S$4:$S$131,$V57,$B$4:$B$131,AB$42) -> 0 | AC57: =COUNTIFS($C$4:$C$131,$V57,$B$4:$B$131,AC$42)+COUNTIFS($S$4:$S$131,$V57,$B$4:$B$131,AC$42) -> 0
B58: Z | E58: =IF((C58=""),0,IF($D$56=$R$56,1,IF($D$56>$R$56,3,IF($D$56<$R$56,0)))) -> 0 | F58: =$D$56 -> 0 | G58: =$R$56 -> 0 | H58: =IF((C58=""),0,IF($D$56>$R$56,1,0)) -> 0 | I58: =IF((C58=""),0,IF($D$56=$R$56,1,0)) -> 0 | J58: =IF((C58=""),0,IF($D$56<$R$56,1,0)) -> 0 | L58: =IF((S58=""),0,IF($D$56=$R$56,1,IF($D$56<$R$56,3,IF($D$56>$R$56,0)))) -> 0 | M58: =$R$56 -> 0 | N58: =$D$56 -> 0 | O58: =IF((S58=""),0,IF($D$56<$R$56,1,0)) -> 0 | P58: =IF((S58=""),0,IF($D$56=$R$56,1,0)) -> 0 | Q58: =IF((S58=""),0,IF($D$56>$R$56,1,0)) -> 0 | U58: =IFERROR(VLOOKUP(V58,Resumo!$D$7:$E$147,2,FALSE),"") | W58: =COUNTIFS($C$4:$C$131,$V58,$B$4:$B$131,W$42)+COUNTIFS($S$4:$S$131,$V58,$B$4:$B$131,W$42) -> 8 | X58: =COUNTIFS($C$4:$C$131,$V58,$B$4:$B$131,X$42)+COUNTIFS($S$4:$S$131,$V58,$B$4:$B$131,X$42) -> 0 | Y58: =COUNTIFS($C$4:$C$131,$V58,$B$4:$B$131,Y$42)+COUNTIFS($S$4:$S$131,$V58,$B$4:$B$131,Y$42) -> 0 | Z58: =COUNTIFS($C$4:$C$131,$V58,$B$4:$B$131,Z$42)+COUNTIFS($S$4:$S$131,$V58,$B$4:$B$131,Z$42) -> 0 | AA58: =COUNTIFS($C$4:$C$131,$V58,$B$4:$B$131,AA$42)+COUNTIFS($S$4:$S$131,$V58,$B$4:$B$131,AA$42) -> 0 | AB58: =COUNTIFS($C$4:$C$131,$V58,$B$4:$B$131,AB$42)+COUNTIFS($S$4:$S$131,$V58,$B$4:$B$131,AB$42) -> 0 | AC58: =COUNTIFS($C$4:$C$131,$V58,$B$4:$B$131,AC$42)+COUNTIFS($S$4:$S$131,$V58,$B$4:$B$131,AC$42) -> 0
B59: LD | E59: =IF((C59=""),0,IF($D$56=$R$56,1,IF($D$56>$R$56,3,IF($D$56<$R$56,0)))) -> 0 | F59: =$D$56 -> 0 | G59: =$R$56 -> 0 | H59: =IF((C59=""),0,IF($D$56>$R$56,1,0)) -> 0 | I59: =IF((C59=""),0,IF($D$56=$R$56,1,0)) -> 0 | J59: =IF((C59=""),0,IF($D$56<$R$56,1,0)) -> 0 | L59: =IF((S59=""),0,IF($D$56=$R$56,1,IF($D$56<$R$56,3,IF($D$56>$R$56,0)))) -> 0 | M59: =$R$56 -> 0 | N59: =$D$56 -> 0 | O59: =IF((S59=""),0,IF($D$56<$R$56,1,0)) -> 0 | P59: =IF((S59=""),0,IF($D$56=$R$56,1,0)) -> 0 | Q59: =IF((S59=""),0,IF($D$56>$R$56,1,0)) -> 0 | U59: =IFERROR(VLOOKUP(V59,Resumo!$D$7:$E$147,2,FALSE),"") | W59: =COUNTIFS($C$4:$C$131,$V59,$B$4:$B$131,W$42)+COUNTIFS($S$4:$S$131,$V59,$B$4:$B$131,W$42) -> 8 | X59: =COUNTIFS($C$4:$C$131,$V59,$B$4:$B$131,X$42)+COUNTIFS($S$4:$S$131,$V59,$B$4:$B$131,X$42) -> 0 | Y59: =COUNTIFS($C$4:$C$131,$V59,$B$4:$B$131,Y$42)+COUNTIFS($S$4:$S$131,$V59,$B$4:$B$131,Y$42) -> 0 | Z59: =COUNTIFS($C$4:$C$131,$V59,$B$4:$B$131,Z$42)+COUNTIFS($S$4:$S$131,$V59,$B$4:$B$131,Z$42) -> 0 | AA59: =COUNTIFS($C$4:$C$131,$V59,$B$4:$B$131,AA$42)+COUNTIFS($S$4:$S$131,$V59,$B$4:$B$131,AA$42) -> 0 | AB59: =COUNTIFS($C$4:$C$131,$V59,$B$4:$B$131,AB$42)+COUNTIFS($S$4:$S$131,$V59,$B$4:$B$131,AB$42) -> 0 | AC59: =COUNTIFS($C$4:$C$131,$V59,$B$4:$B$131,AC$42)+COUNTIFS($S$4:$S$131,$V59,$B$4:$B$131,AC$42) -> 0
B60: LE | E60: =IF((C60=""),0,IF($D$56=$R$56,1,IF($D$56>$R$56,3,IF($D$56<$R$56,0)))) -> 0 | F60: =$D$56 -> 0 | G60: =$R$56 -> 0 | H60: =IF((C60=""),0,IF($D$56>$R$56,1,0)) -> 0 | I60: =IF((C60=""),0,IF($D$56=$R$56,1,0)) -> 0 | J60: =IF((C60=""),0,IF($D$56<$R$56,1,0)) -> 0 | L60: =IF((S60=""),0,IF($D$56=$R$56,1,IF($D$56<$R$56,3,IF($D$56>$R$56,0)))) -> 0 | M60: =$R$56 -> 0 | N60: =$D$56 -> 0 | O60: =IF((S60=""),0,IF($D$56<$R$56,1,0)) -> 0 | P60: =IF((S60=""),0,IF($D$56=$R$56,1,0)) -> 0 | Q60: =IF((S60=""),0,IF($D$56>$R$56,1,0)) -> 0 | U60: =IFERROR(VLOOKUP(V60,Resumo!$D$7:$E$147,2,FALSE),"") | W60: =COUNTIFS($C$4:$C$131,$V60,$B$4:$B$131,W$42)+COUNTIFS($S$4:$S$131,$V60,$B$4:$B$131,W$42) -> 8 | X60: =COUNTIFS($C$4:$C$131,$V60,$B$4:$B$131,X$42)+COUNTIFS($S$4:$S$131,$V60,$B$4:$B$131,X$42) -> 0 | Y60: =COUNTIFS($C$4:$C$131,$V60,$B$4:$B$131,Y$42)+COUNTIFS($S$4:$S$131,$V60,$B$4:$B$131,Y$42) -> 0 | Z60: =COUNTIFS($C$4:$C$131,$V60,$B$4:$B$131,Z$42)+COUNTIFS($S$4:$S$131,$V60,$B$4:$B$131,Z$42) -> 0 | AA60: =COUNTIFS($C$4:$C$131,$V60,$B$4:$B$131,AA$42)+COUNTIFS($S$4:$S$131,$V60,$B$4:$B$131,AA$42) -> 0 | AB60: =COUNTIFS($C$4:$C$131,$V60,$B$4:$B$131,AB$42)+COUNTIFS($S$4:$S$131,$V60,$B$4:$B$131,AB$42) -> 0 | AC60: =COUNTIFS($C$4:$C$131,$V60,$B$4:$B$131,AC$42)+COUNTIFS($S$4:$S$131,$V60,$B$4:$B$131,AC$42) -> 0
B61: V | E61: =IF((C61=""),0,IF($D$56=$R$56,1,IF($D$56>$R$56,3,IF($D$56<$R$56,0)))) -> 0 | F61: =$D$56 -> 0 | G61: =$R$56 -> 0 | H61: =IF((C61=""),0,IF($D$56>$R$56,1,0)) -> 0 | I61: =IF((C61=""),0,IF($D$56=$R$56,1,0)) -> 0 | J61: =IF((C61=""),0,IF($D$56<$R$56,1,0)) -> 0 | L61: =IF((S61=""),0,IF($D$56=$R$56,1,IF($D$56<$R$56,3,IF($D$56>$R$56,0)))) -> 0 | M61: =$R$56 -> 0 | N61: =$D$56 -> 0 | O61: =IF((S61=""),0,IF($D$56<$R$56,1,0)) -> 0 | P61: =IF((S61=""),0,IF($D$56=$R$56,1,0)) -> 0 | Q61: =IF((S61=""),0,IF($D$56>$R$56,1,0)) -> 0 | U61: =IFERROR(VLOOKUP(V61,Resumo!$D$7:$E$147,2,FALSE),"") | W61: =COUNTIFS($C$4:$C$131,$V61,$B$4:$B$131,W$42)+COUNTIFS($S$4:$S$131,$V61,$B$4:$B$131,W$42) -> 8 | X61: =COUNTIFS($C$4:$C$131,$V61,$B$4:$B$131,X$42)+COUNTIFS($S$4:$S$131,$V61,$B$4:$B$131,X$42) -> 0 | Y61: =COUNTIFS($C$4:$C$131,$V61,$B$4:$B$131,Y$42)+COUNTIFS($S$4:$S$131,$V61,$B$4:$B$131,Y$42) -> 0 | Z61: =COUNTIFS($C$4:$C$131,$V61,$B$4:$B$131,Z$42)+COUNTIFS($S$4:$S$131,$V61,$B$4:$B$131,Z$42) -> 0 | AA61: =COUNTIFS($C$4:$C$131,$V61,$B$4:$B$131,AA$42)+COUNTIFS($S$4:$S$131,$V61,$B$4:$B$131,AA$42) -> 0 | AB61: =COUNTIFS($C$4:$C$131,$V61,$B$4:$B$131,AB$42)+COUNTIFS($S$4:$S$131,$V61,$B$4:$B$131,AB$42) -> 0 | AC61: =COUNTIFS($C$4:$C$131,$V61,$B$4:$B$131,AC$42)+COUNTIFS($S$4:$S$131,$V61,$B$4:$B$131,AC$42) -> 0
B62: M | E62: =IF((C62=""),0,IF($D$56=$R$56,1,IF($D$56>$R$56,3,IF($D$56<$R$56,0)))) -> 0 | F62: =$D$56 -> 0 | G62: =$R$56 -> 0 | H62: =IF((C62=""),0,IF($D$56>$R$56,1,0)) -> 0 | I62: =IF((C62=""),0,IF($D$56=$R$56,1,0)) -> 0 | J62: =IF((C62=""),0,IF($D$56<$R$56,1,0)) -> 0 | L62: =IF((S62=""),0,IF($D$56=$R$56,1,IF($D$56<$R$56,3,IF($D$56>$R$56,0)))) -> 0 | M62: =$R$56 -> 0 | N62: =$D$56 -> 0 | O62: =IF((S62=""),0,IF($D$56<$R$56,1,0)) -> 0 | P62: =IF((S62=""),0,IF($D$56=$R$56,1,0)) -> 0 | Q62: =IF((S62=""),0,IF($D$56>$R$56,1,0)) -> 0 | U62: =IFERROR(VLOOKUP(V62,Resumo!$D$7:$E$147,2,FALSE),"") | W62: =COUNTIFS($C$4:$C$131,$V62,$B$4:$B$131,W$42)+COUNTIFS($S$4:$S$131,$V62,$B$4:$B$131,W$42) -> 8 | X62: =COUNTIFS($C$4:$C$131,$V62,$B$4:$B$131,X$42)+COUNTIFS($S$4:$S$131,$V62,$B$4:$B$131,X$42) -> 0 | Y62: =COUNTIFS($C$4:$C$131,$V62,$B$4:$B$131,Y$42)+COUNTIFS($S$4:$S$131,$V62,$B$4:$B$131,Y$42) -> 0 | Z62: =COUNTIFS($C$4:$C$131,$V62,$B$4:$B$131,Z$42)+COUNTIFS($S$4:$S$131,$V62,$B$4:$B$131,Z$42) -> 0 | AA62: =COUNTIFS($C$4:$C$131,$V62,$B$4:$B$131,AA$42)+COUNTIFS($S$4:$S$131,$V62,$B$4:$B$131,AA$42) -> 0 | AB62: =COUNTIFS($C$4:$C$131,$V62,$B$4:$B$131,AB$42)+COUNTIFS($S$4:$S$131,$V62,$B$4:$B$131,AB$42) -> 0 | AC62: =COUNTIFS($C$4:$C$131,$V62,$B$4:$B$131,AC$42)+COUNTIFS($S$4:$S$131,$V62,$B$4:$B$131,AC$42) -> 0
